INSERT INTO AGENCY(ID, LANG, NAME, PHONE, TIMEZONE, URL) VALUES
(1, 'uk', 'КП СМР "ЕЛЕКТРОАВТОТРАНС"', '+380542700702', 'Europe/Kiev', 'http://trolleybus.sumy.ua/');

INSERT INTO STATION(ID, CODE, DESCRIPTION, IS_HAIL, LATITUDE, LONGITUDE, NAME) VALUES
(1, NULL, NULL, TRUE, 50.90755228411547, 34.798035621643066, '1-а міська лікарня 01'),
(2, NULL, NULL, TRUE, 50.90755228411547, 34.798035621643066, '1-а міська лікарня 02'),
(3, NULL, NULL, TRUE, 50.90755228411547, 34.798035621643066, '10-й мікрорайон 01'),
(4, NULL, NULL, TRUE, 50.90755228411547, 34.798035621643066, '10-й мікрорайон 02'),
(5, NULL, NULL, TRUE, 50.90755228411547, 34.798035621643066, '12-й мікрорайон 01'),
(6, NULL, NULL, TRUE, 50.90755228411547, 34.798035621643066, '12-й мікрорайон 02'),
(7, NULL, NULL, TRUE, 50.90755228411547, 34.798035621643066, '20-а школа'),
(8, NULL, NULL, TRUE, 50.90755228411547, 34.798035621643066, '4-а поліклініка 01'),
(9, NULL, NULL, TRUE, 50.90755228411547, 34.798035621643066, '4-а поліклініка 02'),
(10, NULL, NULL, TRUE, 50.90755228411547, 34.798035621643066, '4-та міська лікарня 01'),
(11, NULL, NULL, TRUE, 50.90755228411547, 34.798035621643066, '4-та міська лікарня 02'),
(12, NULL, NULL, TRUE, 50.90755228411547, 34.798035621643066, '5-та міська лікарня 01'),
(13, NULL, NULL, TRUE, 50.90755228411547, 34.798035621643066, '5-та міська лікарня 02'),
(14, NULL, NULL, TRUE, 50.90755228411547, 34.798035621643066, '9-й мікрорайон 01'),
(15, NULL, NULL, TRUE, 50.90755228411547, 34.798035621643066, '9-й мікрорайон 02'),
(16, NULL, NULL, TRUE, 50.90755228411547, 34.798035621643066, 'Індустріальний парк 01'),
(17, NULL, NULL, TRUE, 50.90755228411547, 34.798035621643066, 'Індустріальний парк 02'),
(18, NULL, NULL, TRUE, 50.90755228411547, 34.798035621643066, 'АТП 15954'),
(19, NULL, NULL, TRUE, 50.90755228411547, 34.798035621643066, 'АТП 15955 01'),
(20, NULL, NULL, TRUE, 50.90755228411547, 34.798035621643066, 'АТП 15955 02'),
(21, NULL, NULL, TRUE, 50.90755228411547, 34.798035621643066, 'Автовокзал 01'),
(22, NULL, NULL, TRUE, 50.90755228411547, 34.798035621643066, 'Автовокзал 02'),
(23, NULL, NULL, TRUE, 50.90755228411547, 34.798035621643066, 'Автоцентр 01'),
(24, NULL, NULL, TRUE, 50.90755228411547, 34.798035621643066, 'Автоцентр 02'),
(25, NULL, NULL, TRUE, 50.90755228411547, 34.798035621643066, 'Автоцентр 03'),
(26, NULL, NULL, TRUE, 50.90755228411547, 34.798035621643066, 'Автоцентр 04'),
(27, NULL, NULL, TRUE, 50.90755228411547, 34.798035621643066, 'Аграрний університет 01'),
(28, NULL, NULL, TRUE, 50.90755228411547, 34.798035621643066, 'Аграрний університет 02'),
(29, NULL, NULL, TRUE, 50.90755228411547, 34.798035621643066, 'Аеропорт 01'),
(30, NULL, NULL, TRUE, 50.90755228411547, 34.798035621643066, 'Аеропорт 02'),
(31, NULL, NULL, TRUE, 50.90755228411547, 34.798035621643066, 'Будинок Природи'),
(32, NULL, NULL, TRUE, 50.90755228411547, 34.798035621643066, 'Будинок побуту');
INSERT INTO STATION(ID, CODE, DESCRIPTION, IS_HAIL, LATITUDE, LONGITUDE, NAME) VALUES
(33, NULL, NULL, TRUE, 50.90755228411547, 34.798035621643066, 'Будівельний коледж 01'),
(34, NULL, NULL, TRUE, 50.90755228411547, 34.798035621643066, 'Будівельний коледж 02'),
(35, NULL, NULL, TRUE, 50.90755228411547, 34.798035621643066, 'Білопільський шлях 01'),
(36, NULL, NULL, TRUE, 50.90755228411547, 34.798035621643066, 'Білопільський шлях 02'),
(37, NULL, NULL, TRUE, 50.90755228411547, 34.798035621643066, 'Василівка'),
(38, NULL, NULL, TRUE, 50.90755228411547, 34.798035621643066, 'Веретенівка'),
(39, NULL, NULL, TRUE, 50.90755228411547, 34.798035621643066, 'Вулиця 1-а Заводська 01'),
(40, NULL, NULL, TRUE, 50.90755228411547, 34.798035621643066, 'Вулиця 1-а Заводська 02'),
(41, NULL, NULL, TRUE, 50.90755228411547, 34.798035621643066, 'Вулиця 1-ша Залізнична'),
(42, NULL, NULL, TRUE, 50.90755228411547, 34.798035621643066, 'Вулиця 2-а Заводська 01'),
(43, NULL, NULL, TRUE, 50.90755228411547, 34.798035621643066, 'Вулиця 2-а Заводська 02'),
(44, NULL, NULL, TRUE, 50.90755228411547, 34.798035621643066, 'Вулиця 2-га Залізнична 01'),
(45, NULL, NULL, TRUE, 50.90755228411547, 34.798035621643066, 'Вулиця 2-га Залізнична 02'),
(46, NULL, NULL, TRUE, 50.90755228411547, 34.798035621643066, 'Вулиця 2-га Північна 01'),
(47, NULL, NULL, TRUE, 50.90755228411547, 34.798035621643066, 'Вулиця 2-га Північна 02'),
(48, NULL, NULL, TRUE, 50.90755228411547, 34.798035621643066, 'Вулиця 8-го Березня 01'),
(49, NULL, NULL, TRUE, 50.90755228411547, 34.798035621643066, 'Вулиця 8-го Березня 02'),
(50, NULL, NULL, TRUE, 50.90755228411547, 34.798035621643066, 'Вулиця 8-го Березня 03'),
(51, NULL, NULL, TRUE, 50.90755228411547, 34.798035621643066, 'Вулиця Івана Сірка 01'),
(52, NULL, NULL, TRUE, 50.90755228411547, 34.798035621643066, 'Вулиця Івана Сірка 02'),
(53, NULL, NULL, TRUE, 50.90755228411547, 34.798035621643066, 'Вулиця Івана Сірка 03'),
(54, NULL, NULL, TRUE, 50.90755228411547, 34.798035621643066, 'Вулиця Івана Франка 01'),
(55, NULL, NULL, TRUE, 50.90755228411547, 34.798035621643066, 'Вулиця Івана Франка 02'),
(56, NULL, NULL, TRUE, 50.90755228411547, 34.798035621643066, 'Вулиця Іллінська'),
(57, NULL, NULL, TRUE, 50.90755228411547, 34.798035621643066, 'Вулиця Інтернаціоналістів 01'),
(58, NULL, NULL, TRUE, 50.90755228411547, 34.798035621643066, 'Вулиця Інтернаціоналістів 02');
INSERT INTO STATION(ID, CODE, DESCRIPTION, IS_HAIL, LATITUDE, LONGITUDE, NAME) VALUES
(59, NULL, NULL, TRUE, 50.90755228411547, 34.798035621643066, 'Вулиця Інтернаціоналістів 03'),
(60, NULL, NULL, TRUE, 50.90755228411547, 34.798035621643066, 'Вулиця Баранівська 01'),
(61, NULL, NULL, TRUE, 50.90755228411547, 34.798035621643066, 'Вулиця Баранівська 02'),
(62, NULL, NULL, TRUE, 50.90755228411547, 34.798035621643066, 'Вулиця Березова 01'),
(63, NULL, NULL, TRUE, 50.90755228411547, 34.798035621643066, 'Вулиця Березова 02'),
(64, NULL, NULL, TRUE, 50.90755228411547, 34.798035621643066, 'Вулиця Береста 01'),
(65, NULL, NULL, TRUE, 50.90755228411547, 34.798035621643066, 'Вулиця Береста 02'),
(66, NULL, NULL, TRUE, 50.90755228411547, 34.798035621643066, 'Вулиця Богуна 01'),
(67, NULL, NULL, TRUE, 50.90755228411547, 34.798035621643066, 'Вулиця Богуна 02'),
(68, NULL, NULL, TRUE, 50.90755228411547, 34.798035621643066, 'Вулиця Борова'),
(69, NULL, NULL, TRUE, 50.90755228411547, 34.798035621643066, 'Вулиця Брянська 01'),
(70, NULL, NULL, TRUE, 50.90755228411547, 34.798035621643066, 'Вулиця Брянська 02'),
(71, NULL, NULL, TRUE, 50.90755228411547, 34.798035621643066, 'Вулиця Веретенівська'),
(72, NULL, NULL, TRUE, 50.90755228411547, 34.798035621643066, 'Вулиця Вишнева 01'),
(73, NULL, NULL, TRUE, 50.90755228411547, 34.798035621643066, 'Вулиця Вишнева 02'),
(74, NULL, NULL, TRUE, 50.90755228411547, 34.798035621643066, 'Вулиця Володимирська 01'),
(75, NULL, NULL, TRUE, 50.90755228411547, 34.798035621643066, 'Вулиця Володимирська 02'),
(76, NULL, NULL, TRUE, 50.90755228411547, 34.798035621643066, 'Вулиця Героїв Крут 01'),
(77, NULL, NULL, TRUE, 50.90755228411547, 34.798035621643066, 'Вулиця Героїв Крут 02'),
(78, NULL, NULL, TRUE, 50.90755228411547, 34.798035621643066, 'Вулиця Даргомижського 01'),
(79, NULL, NULL, TRUE, 50.90755228411547, 34.798035621643066, 'Вулиця Даргомижського 02'),
(80, NULL, NULL, TRUE, 50.90755228411547, 34.798035621643066, 'Вулиця Заливна 01'),
(81, NULL, NULL, TRUE, 50.90755228411547, 34.798035621643066, 'Вулиця Заливна 02'),
(82, NULL, NULL, TRUE, 50.90755228411547, 34.798035621643066, 'Вулиця Катерини Зеленко 01'),
(83, NULL, NULL, TRUE, 50.90755228411547, 34.798035621643066, 'Вулиця Катерини Зеленко 02'),
(84, NULL, NULL, TRUE, 50.90755228411547, 34.798035621643066, 'Вулиця Ковпака 01'),
(85, NULL, NULL, TRUE, 50.90755228411547, 34.798035621643066, 'Вулиця Ковпака 02');
INSERT INTO STATION(ID, CODE, DESCRIPTION, IS_HAIL, LATITUDE, LONGITUDE, NAME) VALUES
(86, NULL, NULL, TRUE, 50.90755228411547, 34.798035621643066, 'Вулиця Космічна 01'),
(87, NULL, NULL, TRUE, 50.90755228411547, 34.798035621643066, 'Вулиця Космічна 02'),
(88, NULL, NULL, TRUE, 50.90755228411547, 34.798035621643066, 'Вулиця Леоніда Бикова 01'),
(89, NULL, NULL, TRUE, 50.90755228411547, 34.798035621643066, 'Вулиця Леоніда Бикова 02'),
(90, NULL, NULL, TRUE, 50.90755228411547, 34.798035621643066, 'Вулиця Лесі Українки'),
(91, NULL, NULL, TRUE, 50.90755228411547, 34.798035621643066, 'Вулиця Лисенко'),
(92, NULL, NULL, TRUE, 50.90755228411547, 34.798035621643066, 'Вулиця Лугова'),
(93, NULL, NULL, TRUE, 50.90755228411547, 34.798035621643066, 'Вулиця Лінійна 01'),
(94, NULL, NULL, TRUE, 50.90755228411547, 34.798035621643066, 'Вулиця Лінійна 02'),
(95, NULL, NULL, TRUE, 50.90755228411547, 34.798035621643066, 'Вулиця Лінійна 03'),
(96, NULL, NULL, TRUE, 50.90755228411547, 34.798035621643066, 'Вулиця Майська 01'),
(97, NULL, NULL, TRUE, 50.90755228411547, 34.798035621643066, 'Вулиця Майська 02'),
(98, NULL, NULL, TRUE, 50.90755228411547, 34.798035621643066, 'Вулиця Марії Приймаченко 01'),
(99, NULL, NULL, TRUE, 50.90755228411547, 34.798035621643066, 'Вулиця Марії Приймаченко 02'),
(100, NULL, NULL, TRUE, 50.90755228411547, 34.798035621643066, 'Вулиця Машинобудівників'),
(101, NULL, NULL, TRUE, 50.90755228411547, 34.798035621643066, 'Вулиця Металургів 01'),
(102, NULL, NULL, TRUE, 50.90755228411547, 34.798035621643066, 'Вулиця Металургів 02'),
(103, NULL, NULL, TRUE, 50.90755228411547, 34.798035621643066, 'Вулиця Миргородська 01'),
(104, NULL, NULL, TRUE, 50.90755228411547, 34.798035621643066, 'Вулиця Миргородська 02'),
(105, NULL, NULL, TRUE, 50.90755228411547, 34.798035621643066, 'Вулиця Михайла Кощія 01'),
(106, NULL, NULL, TRUE, 50.90755228411547, 34.798035621643066, 'Вулиця Михайла Кощія 02'),
(107, NULL, NULL, TRUE, 50.90755228411547, 34.798035621643066, 'Вулиця Нахімова 01'),
(108, NULL, NULL, TRUE, 50.90755228411547, 34.798035621643066, 'Вулиця Нахімова 02'),
(109, NULL, NULL, TRUE, 50.90755228411547, 34.798035621643066, 'Вулиця Олега Балацького 01'),
(110, NULL, NULL, TRUE, 50.90755228411547, 34.798035621643066, 'Вулиця Олега Балацького 02'),
(111, NULL, NULL, TRUE, 50.90755228411547, 34.798035621643066, 'Вулиця Олександра Невського');
INSERT INTO STATION(ID, CODE, DESCRIPTION, IS_HAIL, LATITUDE, LONGITUDE, NAME) VALUES
(112, NULL, NULL, TRUE, 50.90755228411547, 34.798035621643066, 'Вулиця Олександра Олеся'),
(113, NULL, NULL, TRUE, 50.90755228411547, 34.798035621643066, 'Вулиця Павлова 01'),
(114, NULL, NULL, TRUE, 50.90755228411547, 34.798035621643066, 'Вулиця Павлова 02'),
(115, NULL, NULL, TRUE, 50.90755228411547, 34.798035621643066, 'Вулиця Пантелеймонівська'),
(116, NULL, NULL, TRUE, 50.90755228411547, 34.798035621643066, 'Вулиця Паркова'),
(117, NULL, NULL, TRUE, 50.90755228411547, 34.798035621643066, 'Вулиця Прикордонна 01'),
(118, NULL, NULL, TRUE, 50.90755228411547, 34.798035621643066, 'Вулиця Прикордонна 02'),
(119, NULL, NULL, TRUE, 50.90755228411547, 34.798035621643066, 'Вулиця Путивльська 01'),
(120, NULL, NULL, TRUE, 50.90755228411547, 34.798035621643066, 'Вулиця Путивльська 02'),
(121, NULL, NULL, TRUE, 50.90755228411547, 34.798035621643066, 'Вулиця Пушкіна 01'),
(122, NULL, NULL, TRUE, 50.90755228411547, 34.798035621643066, 'Вулиця Пушкіна 02'),
(123, NULL, NULL, TRUE, 50.90755228411547, 34.798035621643066, 'Вулиця Римського-Корсакова'),
(124, NULL, NULL, TRUE, 50.90755228411547, 34.798035621643066, 'Вулиця Родини Линтварьових'),
(125, NULL, NULL, TRUE, 50.90755228411547, 34.798035621643066, 'Вулиця Роменська'),
(126, NULL, NULL, TRUE, 50.90755228411547, 34.798035621643066, 'Вулиця Рубіжна'),
(127, NULL, NULL, TRUE, 50.90755228411547, 34.798035621643066, 'Вулиця Руднєва 01'),
(128, NULL, NULL, TRUE, 50.90755228411547, 34.798035621643066, 'Вулиця Руднєва 02'),
(129, NULL, NULL, TRUE, 50.90755228411547, 34.798035621643066, 'Вулиця Садова 01'),
(130, NULL, NULL, TRUE, 50.90755228411547, 34.798035621643066, 'Вулиця Садова 02'),
(131, NULL, NULL, TRUE, 50.90755228411547, 34.798035621643066, 'Вулиця Садова 03'),
(132, NULL, NULL, TRUE, 50.90755228411547, 34.798035621643066, 'Вулиця Санаторна 01'),
(133, NULL, NULL, TRUE, 50.90755228411547, 34.798035621643066, 'Вулиця Санаторна 02'),
(134, NULL, NULL, TRUE, 50.90755228411547, 34.798035621643066, 'Вулиця Сергія Табали (Сєвєра) 01'),
(135, NULL, NULL, TRUE, 50.90755228411547, 34.798035621643066, 'Вулиця Сергія Табали (Сєвєра) 02'),
(136, NULL, NULL, TRUE, 50.90755228411547, 34.798035621643066, 'Вулиця Серпнева'),
(137, NULL, NULL, TRUE, 50.90755228411547, 34.798035621643066, 'Вулиця Скрябіна 01');
INSERT INTO STATION(ID, CODE, DESCRIPTION, IS_HAIL, LATITUDE, LONGITUDE, NAME) VALUES
(138, NULL, NULL, TRUE, 50.90755228411547, 34.798035621643066, 'Вулиця Скрябіна 02'),
(139, NULL, NULL, TRUE, 50.90755228411547, 34.798035621643066, 'Вулиця Слобідська 01'),
(140, NULL, NULL, TRUE, 50.90755228411547, 34.798035621643066, 'Вулиця Слобідська 02'),
(141, NULL, NULL, TRUE, 50.90755228411547, 34.798035621643066, 'Вулиця Сумсько-Київських дивізій 01'),
(142, NULL, NULL, TRUE, 50.90755228411547, 34.798035621643066, 'Вулиця Сумсько-Київських дивізій 02'),
(143, NULL, NULL, TRUE, 50.90755228411547, 34.798035621643066, 'Вулиця Сєдова 01'),
(144, NULL, NULL, TRUE, 50.90755228411547, 34.798035621643066, 'Вулиця Сєдова 02'),
(145, NULL, NULL, TRUE, 50.90755228411547, 34.798035621643066, 'Вулиця Тополянська 01'),
(146, NULL, NULL, TRUE, 50.90755228411547, 34.798035621643066, 'Вулиця Тополянська 02'),
(147, NULL, NULL, TRUE, 50.90755228411547, 34.798035621643066, 'Вулиця Труда'),
(148, NULL, NULL, TRUE, 50.90755228411547, 34.798035621643066, 'Вулиця Фізкультурна 01'),
(149, NULL, NULL, TRUE, 50.90755228411547, 34.798035621643066, 'Вулиця Фізкультурна 02'),
(150, NULL, NULL, TRUE, 50.90755228411547, 34.798035621643066, 'Вулиця Черкаська 01'),
(151, NULL, NULL, TRUE, 50.90755228411547, 34.798035621643066, 'Вулиця Черкаська 02'),
(152, NULL, NULL, TRUE, 50.90755228411547, 34.798035621643066, 'Вулиця Чернігівська 01'),
(153, NULL, NULL, TRUE, 50.90755228411547, 34.798035621643066, 'Вулиця Чернігівська 02'),
(154, NULL, NULL, TRUE, 50.90755228411547, 34.798035621643066, 'Вулиця Чехова'),
(155, NULL, NULL, TRUE, 50.90755228411547, 34.798035621643066, 'Вулиця Чорновола 01'),
(156, NULL, NULL, TRUE, 50.90755228411547, 34.798035621643066, 'Вулиця Чорновола 02'),
(157, NULL, NULL, TRUE, 50.90755228411547, 34.798035621643066, 'Вулиця Ювілейна'),
(158, NULL, NULL, TRUE, 50.90755228411547, 34.798035621643066, 'Вулиця Юрія Вєтрова'),
(159, NULL, NULL, TRUE, 50.90755228411547, 34.798035621643066, 'Вулиця Ярослава Мудрого'),
(160, NULL, NULL, TRUE, 50.90755228411547, 34.798035621643066, 'Вулиця генерала Морозова'),
(161, NULL, NULL, TRUE, 50.90755228411547, 34.798035621643066, 'Військова 01'),
(162, NULL, NULL, TRUE, 50.90755228411547, 34.798035621643066, 'Військова 02'),
(163, NULL, NULL, TRUE, 50.90755228411547, 34.798035621643066, 'Ганнівка 01'),
(164, NULL, NULL, TRUE, 50.90755228411547, 34.798035621643066, 'Ганнівка 02');
INSERT INTO STATION(ID, CODE, DESCRIPTION, IS_HAIL, LATITUDE, LONGITUDE, NAME) VALUES
(165, NULL, NULL, TRUE, 50.90755228411547, 34.798035621643066, 'Демпург'),
(166, NULL, NULL, TRUE, 50.90755228411547, 34.798035621643066, 'Дитяча поліклініка'),
(167, NULL, NULL, TRUE, 50.90755228411547, 34.798035621643066, 'Дитячий садочок «Ясочка» 01'),
(168, NULL, NULL, TRUE, 50.90755228411547, 34.798035621643066, 'Дитячий садочок «Ясочка» 02'),
(169, NULL, NULL, TRUE, 50.90755228411547, 34.798035621643066, 'Друга прохідна ПАТ «Сумихімпром» 01'),
(170, NULL, NULL, TRUE, 50.90755228411547, 34.798035621643066, 'Друга прохідна ПАТ «Сумихімпром» 02'),
(171, NULL, NULL, TRUE, 50.90755228411547, 34.798035621643066, 'Діагностичний центр'),
(172, NULL, NULL, TRUE, 50.90755228411547, 34.798035621643066, 'Енергомаш'),
(173, NULL, NULL, TRUE, 50.90755228411547, 34.798035621643066, 'Житловий масив 01'),
(174, NULL, NULL, TRUE, 50.90755228411547, 34.798035621643066, 'Житловий масив 02'),
(175, NULL, NULL, TRUE, 50.90755228411547, 34.798035621643066, 'ЗАТ «Технологія» 01'),
(176, NULL, NULL, TRUE, 50.90755228411547, 34.798035621643066, 'ЗАТ «Технологія» 02'),
(177, NULL, NULL, TRUE, 50.90755228411547, 34.798035621643066, 'Завод АЕН 01'),
(178, NULL, NULL, TRUE, 50.90755228411547, 34.798035621643066, 'Завод АЕН 02'),
(179, NULL, NULL, TRUE, 50.90755228411547, 34.798035621643066, 'Завод ГТВ 01'),
(180, NULL, NULL, TRUE, 50.90755228411547, 34.798035621643066, 'Завод ГТВ 02'),
(181, NULL, NULL, TRUE, 50.90755228411547, 34.798035621643066, 'Завод металевих конструкцій 01'),
(182, NULL, NULL, TRUE, 50.90755228411547, 34.798035621643066, 'Завод металевих конструкцій 02'),
(183, NULL, NULL, TRUE, 50.90755228411547, 34.798035621643066, 'Залізничний вокзал 01'),
(184, NULL, NULL, TRUE, 50.90755228411547, 34.798035621643066, 'Залізничний вокзал 02'),
(185, NULL, NULL, TRUE, 50.90755228411547, 34.798035621643066, 'Залізничний переїзд 01'),
(186, NULL, NULL, TRUE, 50.90755228411547, 34.798035621643066, 'Залізничний переїзд 02'),
(187, NULL, NULL, TRUE, 50.90755228411547, 34.798035621643066, 'Залізничний переїзд 03'),
(188, NULL, NULL, TRUE, 50.90755228411547, 34.798035621643066, 'Залізничний переїзд 04'),
(189, NULL, NULL, TRUE, 50.90755228411547, 34.798035621643066, 'Кадетський корпус'),
(190, NULL, NULL, TRUE, 50.90755228411547, 34.798035621643066, 'Керамейя');
INSERT INTO STATION(ID, CODE, DESCRIPTION, IS_HAIL, LATITUDE, LONGITUDE, NAME) VALUES
(191, NULL, NULL, TRUE, 50.90755228411547, 34.798035621643066, 'Кладовище 40-а підстанція'),
(192, NULL, NULL, TRUE, 50.90755228411547, 34.798035621643066, 'Коледж СНАУ'),
(193, NULL, NULL, TRUE, 50.90755228411547, 34.798035621643066, 'Косівщина'),
(194, NULL, NULL, TRUE, 50.90755228411547, 34.798035621643066, 'Косівщинське водосховище'),
(195, NULL, NULL, TRUE, 50.90755228411547, 34.798035621643066, 'Кінно-спортивна школа 01'),
(196, NULL, NULL, TRUE, 50.90755228411547, 34.798035621643066, 'Кінно-спортивна школа 02'),
(197, NULL, NULL, TRUE, 50.90755228411547, 34.798035621643066, 'Кінотеатр «Дружба» 01'),
(198, NULL, NULL, TRUE, 50.90755228411547, 34.798035621643066, 'Кінотеатр «Дружба» 02'),
(199, NULL, NULL, TRUE, 50.90755228411547, 34.798035621643066, 'Кінцева'),
(200, NULL, NULL, TRUE, 50.90755228411547, 34.798035621643066, 'Легкоатлетичний манеж 01'),
(201, NULL, NULL, TRUE, 50.90755228411547, 34.798035621643066, 'Легкоатлетичний манеж 02'),
(202, NULL, NULL, TRUE, 50.90755228411547, 34.798035621643066, 'Лука'),
(203, NULL, NULL, TRUE, 50.90755228411547, 34.798035621643066, 'Лісна'),
(204, NULL, NULL, TRUE, 50.90755228411547, 34.798035621643066, 'Ліцей 01'),
(205, NULL, NULL, TRUE, 50.90755228411547, 34.798035621643066, 'Ліцей 02'),
(206, NULL, NULL, TRUE, 50.90755228411547, 34.798035621643066, 'Ліцей харчових технологій'),
(207, NULL, NULL, TRUE, 50.90755228411547, 34.798035621643066, 'Молокозавод 01'),
(208, NULL, NULL, TRUE, 50.90755228411547, 34.798035621643066, 'Молокозавод 02'),
(209, NULL, NULL, TRUE, 50.90755228411547, 34.798035621643066, 'Міська дитяча лікарня 01'),
(210, NULL, NULL, TRUE, 50.90755228411547, 34.798035621643066, 'Міська дитяча лікарня 02'),
(211, NULL, NULL, TRUE, 50.90755228411547, 34.798035621643066, 'Міськводоканал'),
(212, NULL, NULL, TRUE, 50.90755228411547, 34.798035621643066, 'Міськвійськкомат'),
(213, NULL, NULL, TRUE, 50.90755228411547, 34.798035621643066, 'Міськвійськомат'),
(214, NULL, NULL, TRUE, 50.90755228411547, 34.798035621643066, 'Міський центр зайнятості 01'),
(215, NULL, NULL, TRUE, 50.90755228411547, 34.798035621643066, 'Міський центр зайнятості 02'),
(216, NULL, NULL, TRUE, 50.90755228411547, 34.798035621643066, 'Нижня Тополя 01'),
(217, NULL, NULL, TRUE, 50.90755228411547, 34.798035621643066, 'Нижня Тополя 02'),
(218, NULL, NULL, TRUE, 50.90755228411547, 34.798035621643066, 'Обласна дитяча лікарня');
INSERT INTO STATION(ID, CODE, DESCRIPTION, IS_HAIL, LATITUDE, LONGITUDE, NAME) VALUES
(219, NULL, NULL, TRUE, 50.90755228411547, 34.798035621643066, 'Обласна лікарня 01'),
(220, NULL, NULL, TRUE, 50.90755228411547, 34.798035621643066, 'Обласна лікарня 02'),
(221, NULL, NULL, TRUE, 50.90755228411547, 34.798035621643066, 'Обласна лікарня 03'),
(222, NULL, NULL, TRUE, 50.90755228411547, 34.798035621643066, 'Обласна типографія 01'),
(223, NULL, NULL, TRUE, 50.90755228411547, 34.798035621643066, 'Обласна типографія 02'),
(224, NULL, NULL, TRUE, 50.90755228411547, 34.798035621643066, 'Обласна універсальна наукова бібліотека 01'),
(225, NULL, NULL, TRUE, 50.90755228411547, 34.798035621643066, 'Обласна універсальна наукова бібліотека 02'),
(226, NULL, NULL, TRUE, 50.90755228411547, 34.798035621643066, 'Обласний клінічний перинатальний центр 01'),
(227, NULL, NULL, TRUE, 50.90755228411547, 34.798035621643066, 'Обласний клінічний перинатальний центр 02'),
(228, NULL, NULL, TRUE, 50.90755228411547, 34.798035621643066, 'Озерна 01'),
(229, NULL, NULL, TRUE, 50.90755228411547, 34.798035621643066, 'Озерна 02'),
(230, NULL, NULL, TRUE, 50.90755228411547, 34.798035621643066, 'Озеро Чеха 01'),
(231, NULL, NULL, TRUE, 50.90755228411547, 34.798035621643066, 'Озеро Чеха 02'),
(232, NULL, NULL, TRUE, 50.90755228411547, 34.798035621643066, 'Олександрівська гімназія 01'),
(233, NULL, NULL, TRUE, 50.90755228411547, 34.798035621643066, 'Олександрівська гімназія 02'),
(234, NULL, NULL, TRUE, 50.90755228411547, 34.798035621643066, 'ПАТ «СМНВО» 01'),
(235, NULL, NULL, TRUE, 50.90755228411547, 34.798035621643066, 'ПАТ «СМНВО» 02'),
(236, NULL, NULL, TRUE, 50.90755228411547, 34.798035621643066, 'ПАТ «Центроліт»'),
(237, NULL, NULL, TRUE, 50.90755228411547, 34.798035621643066, 'Палац культури СМНВО 01'),
(238, NULL, NULL, TRUE, 50.90755228411547, 34.798035621643066, 'Палац культури СМНВО 02'),
(239, NULL, NULL, TRUE, 50.90755228411547, 34.798035621643066, 'Пансіонат для ветеранів 01'),
(240, NULL, NULL, TRUE, 50.90755228411547, 34.798035621643066, 'Пансіонат для ветеранів 02'),
(241, NULL, NULL, TRUE, 50.90755228411547, 34.798035621643066, 'Пансіонат для ветеранів 03'),
(242, NULL, NULL, TRUE, 50.90755228411547, 34.798035621643066, 'Пантелеймонівський храм 01');
INSERT INTO STATION(ID, CODE, DESCRIPTION, IS_HAIL, LATITUDE, LONGITUDE, NAME) VALUES
(243, NULL, NULL, TRUE, 50.90755228411547, 34.798035621643066, 'Пантелеймонівський храм 02'),
(244, NULL, NULL, TRUE, 50.90755228411547, 34.798035621643066, 'Педагогічний університет 01'),
(245, NULL, NULL, TRUE, 50.90755228411547, 34.798035621643066, 'Педагогічний університет 02'),
(246, NULL, NULL, TRUE, 50.90755228411547, 34.798035621643066, 'Пенсійний фонд 01'),
(247, NULL, NULL, TRUE, 50.90755228411547, 34.798035621643066, 'Пенсійний фонд 02'),
(248, NULL, NULL, TRUE, 50.90755228411547, 34.798035621643066, 'Пенсійний фонд 03'),
(249, NULL, NULL, TRUE, 50.90755228411547, 34.798035621643066, 'Пенсійний фонд 04'),
(250, NULL, NULL, TRUE, 50.90755228411547, 34.798035621643066, 'Перша міська клінічна лікарня 01'),
(251, NULL, NULL, TRUE, 50.90755228411547, 34.798035621643066, 'Перша міська клінічна лікарня 02'),
(252, NULL, NULL, TRUE, 50.90755228411547, 34.798035621643066, 'Перша прохідна ПАТ «Сумихімпром» 01'),
(253, NULL, NULL, TRUE, 50.90755228411547, 34.798035621643066, 'Перша прохідна ПАТ «Сумихімпром» 02'),
(254, NULL, NULL, TRUE, 50.90755228411547, 34.798035621643066, 'Площа Незалежності'),
(255, NULL, NULL, TRUE, 50.90755228411547, 34.798035621643066, 'Покровська'),
(256, NULL, NULL, TRUE, 50.90755228411547, 34.798035621643066, 'Покровська площа'),
(257, NULL, NULL, TRUE, 50.90755228411547, 34.798035621643066, 'Пологовий будинок 01'),
(258, NULL, NULL, TRUE, 50.90755228411547, 34.798035621643066, 'Пологовий будинок 02'),
(259, NULL, NULL, TRUE, 50.90755228411547, 34.798035621643066, 'Поліклініка ПАТ «Сумихімпром» 01'),
(260, NULL, NULL, TRUE, 50.90755228411547, 34.798035621643066, 'Поліклініка ПАТ «Сумихімпром» 02'),
(261, NULL, NULL, TRUE, 50.90755228411547, 34.798035621643066, 'Привокзальний сквер'),
(262, NULL, NULL, TRUE, 50.90755228411547, 34.798035621643066, 'Пришибська площа 01'),
(263, NULL, NULL, TRUE, 50.90755228411547, 34.798035621643066, 'Пришибська площа 02'),
(264, NULL, NULL, TRUE, 50.90755228411547, 34.798035621643066, 'Провулок Генерала Грекова 01'),
(265, NULL, NULL, TRUE, 50.90755228411547, 34.798035621643066, 'Провулок Генерала Грекова 02');
INSERT INTO STATION(ID, CODE, DESCRIPTION, IS_HAIL, LATITUDE, LONGITUDE, NAME) VALUES
(266, NULL, NULL, TRUE, 50.90755228411547, 34.798035621643066, 'Провулок Гетьманський 01'),
(267, NULL, NULL, TRUE, 50.90755228411547, 34.798035621643066, 'Провулок Гетьманський 02'),
(268, NULL, NULL, TRUE, 50.90755228411547, 34.798035621643066, 'Провулок Косівщинський 01'),
(269, NULL, NULL, TRUE, 50.90755228411547, 34.798035621643066, 'Провулок Косівщинський 02'),
(270, NULL, NULL, TRUE, 50.90755228411547, 34.798035621643066, 'Проспект Курський 01'),
(271, NULL, NULL, TRUE, 50.90755228411547, 34.798035621643066, 'Проспект Курський 02'),
(272, NULL, NULL, TRUE, 50.90755228411547, 34.798035621643066, 'Проспект Шевченка 01'),
(273, NULL, NULL, TRUE, 50.90755228411547, 34.798035621643066, 'Проспект Шевченка 02'),
(274, NULL, NULL, TRUE, 50.90755228411547, 34.798035621643066, 'Проспект ім. Михайла Лушпи 01'),
(275, NULL, NULL, TRUE, 50.90755228411547, 34.798035621643066, 'Проспект ім. Михайла Лушпи 02'),
(276, NULL, NULL, TRUE, 50.90755228411547, 34.798035621643066, 'Ринок СКД 01'),
(277, NULL, NULL, TRUE, 50.90755228411547, 34.798035621643066, 'Ринок СКД 02'),
(278, NULL, NULL, TRUE, 50.90755228411547, 34.798035621643066, 'Річка Сумка 01'),
(279, NULL, NULL, TRUE, 50.90755228411547, 34.798035621643066, 'Річка Сумка 02'),
(280, NULL, NULL, TRUE, 50.90755228411547, 34.798035621643066, 'Силікатний завод 01'),
(281, NULL, NULL, TRUE, 50.90755228411547, 34.798035621643066, 'Силікатний завод 02'),
(282, NULL, NULL, TRUE, 50.90755228411547, 34.798035621643066, 'Сквер Пам’яті жертв голодомору'),
(283, NULL, NULL, TRUE, 50.90755228411547, 34.798035621643066, 'Сквер Чорнобильців 01'),
(284, NULL, NULL, TRUE, 50.90755228411547, 34.798035621643066, 'Сквер Чорнобильців 02'),
(285, NULL, NULL, TRUE, 50.90755228411547, 34.798035621643066, 'Сумський Державний Університет 01'),
(286, NULL, NULL, TRUE, 50.90755228411547, 34.798035621643066, 'Сумський Державний Університет 02'),
(287, NULL, NULL, TRUE, 50.90755228411547, 34.798035621643066, 'Сумський Державний університет'),
(288, NULL, NULL, TRUE, 50.90755228411547, 34.798035621643066, 'ТЦ «Мануфактура» 01'),
(289, NULL, NULL, TRUE, 50.90755228411547, 34.798035621643066, 'ТЦ «Мануфактура» 02'),
(290, NULL, NULL, TRUE, 50.90755228411547, 34.798035621643066, 'Тепличний');
INSERT INTO STATION(ID, CODE, DESCRIPTION, IS_HAIL, LATITUDE, LONGITUDE, NAME) VALUES
(291, NULL, NULL, TRUE, 50.90755228411547, 34.798035621643066, 'Технічне училище 01'),
(292, NULL, NULL, TRUE, 50.90755228411547, 34.798035621643066, 'Технічне училище 02'),
(293, NULL, NULL, TRUE, 50.90755228411547, 34.798035621643066, 'Торговий Дім "Петропавлівський"'),
(294, NULL, NULL, TRUE, 50.90755228411547, 34.798035621643066, 'Третя поліклініка 01'),
(295, NULL, NULL, TRUE, 50.90755228411547, 34.798035621643066, 'Третя поліклініка 02'),
(296, NULL, NULL, TRUE, 50.90755228411547, 34.798035621643066, 'УТоГ 01'),
(297, NULL, NULL, TRUE, 50.90755228411547, 34.798035621643066, 'УТоГ 02'),
(298, NULL, NULL, TRUE, 50.90755228411547, 34.798035621643066, 'Універмаг «Київ»'),
(299, NULL, NULL, TRUE, 50.90755228411547, 34.798035621643066, 'Фарфоровий завод 01'),
(300, NULL, NULL, TRUE, 50.90755228411547, 34.798035621643066, 'Фарфоровий завод 02'),
(301, NULL, NULL, TRUE, 50.90755228411547, 34.798035621643066, 'Хлібозавод 01'),
(302, NULL, NULL, TRUE, 50.90755228411547, 34.798035621643066, 'Хлібозавод 02'),
(303, NULL, NULL, TRUE, 50.90755228411547, 34.798035621643066, 'Хлібозавод 03'),
(304, NULL, NULL, TRUE, 50.90755228411547, 34.798035621643066, 'Хрестовоздвиженська церква'),
(305, NULL, NULL, TRUE, 50.90755228411547, 34.798035621643066, 'ЦУМ'),
(306, NULL, NULL, TRUE, 50.90755228411547, 34.798035621643066, 'Цвинтар 01'),
(307, NULL, NULL, TRUE, 50.90755228411547, 34.798035621643066, 'Цвинтар 02'),
(308, NULL, NULL, TRUE, 50.90755228411547, 34.798035621643066, 'Центральна прохідна ПАТ «Сумихімпром» 01'),
(309, NULL, NULL, TRUE, 50.90755228411547, 34.798035621643066, 'Центральна прохідна ПАТ «Сумихімпром» 02'),
(310, NULL, NULL, TRUE, 50.90755228411547, 34.798035621643066, 'Центральний будинок зв''язку'),
(311, NULL, NULL, TRUE, 50.90755228411547, 34.798035621643066, 'Центральний ринок 01'),
(312, NULL, NULL, TRUE, 50.90755228411547, 34.798035621643066, 'Центральний ринок 02'),
(313, NULL, NULL, TRUE, 50.90755228411547, 34.798035621643066, 'Церква Різдва Іоана Предтечі'),
(314, NULL, NULL, TRUE, 50.90755228411547, 34.798035621643066, 'Школа № 1 01'),
(315, NULL, NULL, TRUE, 50.90755228411547, 34.798035621643066, 'Школа № 1 02'),
(316, NULL, NULL, TRUE, 50.90755228411547, 34.798035621643066, 'Школа № 13'),
(317, NULL, NULL, TRUE, 50.90755228411547, 34.798035621643066, 'Школа № 6'),
(318, NULL, NULL, TRUE, 50.90755228411547, 34.798035621643066, 'Школа №15 01'),
(319, NULL, NULL, TRUE, 50.90755228411547, 34.798035621643066, 'Школа №15 02');
INSERT INTO STATION(ID, CODE, DESCRIPTION, IS_HAIL, LATITUDE, LONGITUDE, NAME) VALUES
(320, NULL, NULL, TRUE, 50.90755228411547, 34.798035621643066, 'Школа №18 01'),
(321, NULL, NULL, TRUE, 50.90755228411547, 34.798035621643066, 'Школа №18 02'),
(322, NULL, NULL, TRUE, 50.90755228411547, 34.798035621643066, 'Школа №19 01'),
(323, NULL, NULL, TRUE, 50.90755228411547, 34.798035621643066, 'Школа №19 02'),
(324, NULL, NULL, TRUE, 50.90755228411547, 34.798035621643066, 'Школа №26'),
(325, NULL, NULL, TRUE, 50.90755228411547, 34.798035621643066, 'Шпиталь 01'),
(326, NULL, NULL, TRUE, 50.90755228411547, 34.798035621643066, 'Шпиталь 02');

INSERT INTO STATION_VEHICLE_TYPE(STATION_ID, VEHICLE_TYPE) VALUES
(1, 'BUS'),
(2, 'BUS'),
(3, 'BUS'),
(3, 'TROLLEYBUS'),
(4, 'BUS'),
(4, 'TROLLEYBUS'),
(5, 'BUS'),
(5, 'TROLLEYBUS'),
(6, 'BUS'),
(6, 'TROLLEYBUS'),
(7, 'BUS'),
(8, 'BUS'),
(8, 'TROLLEYBUS'),
(9, 'BUS'),
(9, 'TROLLEYBUS'),
(10, 'BUS'),
(11, 'BUS'),
(11, 'TROLLEYBUS'),
(12, 'BUS'),
(12, 'TROLLEYBUS'),
(13, 'BUS'),
(14, 'BUS'),
(14, 'TROLLEYBUS'),
(15, 'BUS'),
(15, 'TROLLEYBUS'),
(16, 'BUS'),
(16, 'TROLLEYBUS'),
(17, 'BUS'),
(17, 'TROLLEYBUS'),
(18, 'BUS'),
(18, 'TROLLEYBUS'),
(19, 'BUS'),
(19, 'TROLLEYBUS'),
(20, 'BUS'),
(20, 'TROLLEYBUS'),
(21, 'BUS'),
(21, 'TROLLEYBUS'),
(22, 'BUS'),
(22, 'TROLLEYBUS'),
(23, 'BUS'),
(23, 'TROLLEYBUS'),
(24, 'BUS'),
(24, 'TROLLEYBUS'),
(25, 'BUS'),
(25, 'TROLLEYBUS'),
(26, 'BUS'),
(26, 'TROLLEYBUS'),
(27, 'BUS'),
(27, 'TROLLEYBUS'),
(28, 'BUS'),
(28, 'TROLLEYBUS'),
(29, 'BUS'),
(29, 'TROLLEYBUS'),
(30, 'BUS'),
(30, 'TROLLEYBUS'),
(31, 'BUS'),
(32, 'BUS'),
(32, 'TROLLEYBUS'),
(33, 'BUS'),
(33, 'TROLLEYBUS'),
(34, 'BUS'),
(34, 'TROLLEYBUS'),
(35, 'BUS'),
(35, 'TROLLEYBUS'),
(36, 'BUS'),
(37, 'BUS'),
(38, 'BUS'),
(39, 'BUS'),
(40, 'BUS'),
(41, 'BUS'),
(42, 'BUS'),
(43, 'BUS'),
(44, 'BUS'),
(45, 'BUS'),
(46, 'BUS'),
(47, 'BUS'),
(48, 'BUS'),
(49, 'BUS'),
(50, 'BUS'),
(50, 'TROLLEYBUS'),
(51, 'BUS'),
(51, 'TROLLEYBUS'),
(52, 'BUS'),
(53, 'BUS'),
(54, 'BUS'),
(55, 'BUS'),
(56, 'BUS'),
(57, 'BUS'),
(57, 'TROLLEYBUS'),
(58, 'BUS'),
(58, 'TROLLEYBUS'),
(59, 'BUS'),
(60, 'BUS'),
(61, 'BUS'),
(62, 'BUS'),
(63, 'BUS'),
(64, 'BUS'),
(64, 'TROLLEYBUS'),
(65, 'BUS'),
(65, 'TROLLEYBUS'),
(66, 'BUS'),
(66, 'TROLLEYBUS'),
(67, 'BUS'),
(67, 'TROLLEYBUS'),
(68, 'BUS'),
(69, 'TROLLEYBUS'),
(70, 'TROLLEYBUS'),
(71, 'BUS'),
(72, 'BUS'),
(73, 'BUS'),
(74, 'BUS'),
(75, 'BUS'),
(76, 'BUS'),
(76, 'TROLLEYBUS'),
(77, 'BUS'),
(77, 'TROLLEYBUS'),
(78, 'BUS'),
(78, 'TROLLEYBUS'),
(79, 'BUS'),
(79, 'TROLLEYBUS'),
(80, 'BUS'),
(80, 'TROLLEYBUS'),
(81, 'BUS'),
(81, 'TROLLEYBUS'),
(82, 'BUS'),
(83, 'BUS'),
(84, 'BUS'),
(84, 'TROLLEYBUS'),
(85, 'BUS'),
(85, 'TROLLEYBUS'),
(86, 'BUS'),
(87, 'BUS'),
(88, 'BUS'),
(89, 'BUS'),
(90, 'BUS'),
(90, 'TROLLEYBUS'),
(91, 'BUS'),
(91, 'TROLLEYBUS'),
(92, 'BUS'),
(93, 'BUS'),
(93, 'TROLLEYBUS'),
(94, 'BUS'),
(94, 'TROLLEYBUS'),
(95, 'BUS'),
(96, 'BUS'),
(97, 'BUS'),
(98, 'BUS'),
(99, 'BUS'),
(100, 'BUS'),
(100, 'TROLLEYBUS'),
(101, 'BUS'),
(101, 'TROLLEYBUS'),
(102, 'BUS'),
(102, 'TROLLEYBUS'),
(103, 'BUS'),
(104, 'BUS'),
(105, 'BUS'),
(106, 'BUS'),
(107, 'BUS'),
(108, 'BUS'),
(109, 'BUS'),
(110, 'BUS'),
(111, 'BUS'),
(112, 'BUS'),
(112, 'TROLLEYBUS'),
(113, 'BUS'),
(113, 'TROLLEYBUS'),
(114, 'BUS'),
(114, 'TROLLEYBUS'),
(115, 'BUS'),
(115, 'TROLLEYBUS'),
(116, 'BUS'),
(117, 'TROLLEYBUS'),
(118, 'TROLLEYBUS'),
(119, 'BUS'),
(120, 'BUS'),
(121, 'BUS'),
(122, 'BUS'),
(123, 'BUS'),
(124, 'BUS'),
(125, 'BUS'),
(125, 'TROLLEYBUS'),
(126, 'BUS'),
(127, 'BUS'),
(128, 'BUS'),
(129, 'BUS'),
(130, 'BUS'),
(131, 'BUS'),
(132, 'BUS'),
(133, 'BUS'),
(134, 'BUS'),
(134, 'TROLLEYBUS'),
(135, 'BUS'),
(135, 'TROLLEYBUS'),
(136, 'BUS'),
(137, 'BUS'),
(138, 'BUS'),
(139, 'BUS'),
(140, 'BUS'),
(141, 'BUS'),
(141, 'TROLLEYBUS'),
(142, 'BUS'),
(142, 'TROLLEYBUS'),
(143, 'BUS'),
(144, 'BUS'),
(145, 'BUS'),
(146, 'BUS'),
(147, 'BUS'),
(147, 'TROLLEYBUS'),
(148, 'BUS'),
(149, 'BUS'),
(150, 'BUS'),
(151, 'BUS'),
(152, 'BUS'),
(153, 'BUS'),
(154, 'BUS'),
(155, 'BUS'),
(156, 'BUS'),
(156, 'TROLLEYBUS'),
(157, 'BUS'),
(158, 'BUS'),
(159, 'BUS'),
(160, 'BUS'),
(160, 'TROLLEYBUS'),
(161, 'BUS'),
(161, 'TROLLEYBUS'),
(162, 'BUS'),
(162, 'TROLLEYBUS'),
(163, 'BUS'),
(164, 'BUS'),
(165, 'BUS'),
(166, 'BUS'),
(166, 'TROLLEYBUS'),
(167, 'BUS'),
(168, 'BUS'),
(169, 'BUS'),
(169, 'TROLLEYBUS'),
(170, 'BUS'),
(170, 'TROLLEYBUS'),
(171, 'BUS'),
(171, 'TROLLEYBUS'),
(172, 'BUS'),
(173, 'BUS'),
(173, 'TROLLEYBUS'),
(174, 'BUS'),
(174, 'TROLLEYBUS'),
(175, 'BUS'),
(175, 'TROLLEYBUS'),
(176, 'BUS'),
(176, 'TROLLEYBUS'),
(177, 'BUS'),
(177, 'TROLLEYBUS'),
(178, 'BUS'),
(178, 'TROLLEYBUS'),
(179, 'TROLLEYBUS'),
(180, 'TROLLEYBUS'),
(181, 'BUS'),
(181, 'TROLLEYBUS'),
(182, 'BUS');
INSERT INTO STATION_VEHICLE_TYPE(STATION_ID, VEHICLE_TYPE) VALUES
(182, 'TROLLEYBUS'),
(183, 'BUS'),
(183, 'TROLLEYBUS'),
(184, 'BUS'),
(184, 'TROLLEYBUS'),
(185, 'BUS'),
(186, 'BUS'),
(187, 'TROLLEYBUS'),
(188, 'TROLLEYBUS'),
(189, 'BUS'),
(189, 'TROLLEYBUS'),
(190, 'TROLLEYBUS'),
(191, 'BUS'),
(192, 'BUS'),
(193, 'BUS'),
(194, 'BUS'),
(195, 'BUS'),
(196, 'BUS'),
(197, 'BUS'),
(197, 'TROLLEYBUS'),
(198, 'BUS'),
(198, 'TROLLEYBUS'),
(199, 'BUS'),
(200, 'BUS'),
(201, 'BUS'),
(202, 'BUS'),
(203, 'BUS'),
(204, 'BUS'),
(204, 'TROLLEYBUS'),
(205, 'BUS'),
(205, 'TROLLEYBUS'),
(206, 'BUS'),
(206, 'TROLLEYBUS'),
(207, 'BUS'),
(207, 'TROLLEYBUS'),
(208, 'BUS'),
(208, 'TROLLEYBUS'),
(209, 'BUS'),
(209, 'TROLLEYBUS'),
(210, 'BUS'),
(210, 'TROLLEYBUS'),
(211, 'BUS'),
(211, 'TROLLEYBUS'),
(212, 'BUS'),
(212, 'TROLLEYBUS'),
(213, 'BUS'),
(213, 'TROLLEYBUS'),
(214, 'BUS'),
(215, 'BUS'),
(216, 'BUS'),
(217, 'BUS'),
(218, 'BUS'),
(219, 'BUS'),
(219, 'TROLLEYBUS'),
(220, 'BUS'),
(220, 'TROLLEYBUS'),
(221, 'BUS'),
(222, 'BUS'),
(222, 'TROLLEYBUS'),
(223, 'BUS'),
(223, 'TROLLEYBUS'),
(224, 'BUS'),
(224, 'TROLLEYBUS'),
(225, 'BUS'),
(225, 'TROLLEYBUS'),
(226, 'BUS'),
(227, 'BUS'),
(228, 'BUS'),
(228, 'TROLLEYBUS'),
(229, 'BUS'),
(229, 'TROLLEYBUS'),
(230, 'BUS'),
(231, 'BUS'),
(232, 'BUS'),
(232, 'TROLLEYBUS'),
(233, 'BUS'),
(233, 'TROLLEYBUS'),
(234, 'BUS'),
(234, 'TROLLEYBUS'),
(235, 'BUS'),
(235, 'TROLLEYBUS'),
(236, 'TROLLEYBUS'),
(237, 'BUS'),
(237, 'TROLLEYBUS'),
(238, 'BUS'),
(238, 'TROLLEYBUS'),
(239, 'BUS'),
(239, 'TROLLEYBUS'),
(240, 'BUS'),
(240, 'TROLLEYBUS'),
(241, 'BUS'),
(242, 'BUS'),
(242, 'TROLLEYBUS'),
(243, 'BUS'),
(243, 'TROLLEYBUS'),
(244, 'BUS'),
(244, 'TROLLEYBUS'),
(245, 'BUS'),
(245, 'TROLLEYBUS'),
(246, 'BUS'),
(246, 'TROLLEYBUS'),
(247, 'BUS'),
(247, 'TROLLEYBUS'),
(248, 'BUS'),
(249, 'BUS'),
(250, 'BUS'),
(250, 'TROLLEYBUS'),
(251, 'BUS'),
(251, 'TROLLEYBUS'),
(252, 'BUS'),
(252, 'TROLLEYBUS'),
(253, 'BUS'),
(253, 'TROLLEYBUS'),
(254, 'BUS'),
(255, 'BUS'),
(255, 'TROLLEYBUS'),
(256, 'BUS'),
(256, 'TROLLEYBUS'),
(257, 'BUS'),
(257, 'TROLLEYBUS'),
(258, 'BUS'),
(258, 'TROLLEYBUS'),
(259, 'BUS'),
(259, 'TROLLEYBUS'),
(260, 'BUS'),
(260, 'TROLLEYBUS'),
(261, 'BUS'),
(261, 'TROLLEYBUS'),
(262, 'BUS'),
(263, 'BUS'),
(264, 'BUS'),
(265, 'BUS'),
(266, 'BUS'),
(267, 'BUS'),
(268, 'BUS'),
(269, 'BUS'),
(270, 'BUS'),
(270, 'TROLLEYBUS'),
(271, 'BUS'),
(271, 'TROLLEYBUS'),
(272, 'BUS'),
(272, 'TROLLEYBUS'),
(273, 'BUS'),
(273, 'TROLLEYBUS'),
(274, 'BUS'),
(274, 'TROLLEYBUS'),
(275, 'BUS'),
(275, 'TROLLEYBUS'),
(276, 'BUS'),
(277, 'BUS'),
(278, 'BUS'),
(279, 'BUS'),
(280, 'TROLLEYBUS'),
(281, 'TROLLEYBUS'),
(282, 'BUS'),
(282, 'TROLLEYBUS'),
(283, 'BUS'),
(283, 'TROLLEYBUS'),
(284, 'BUS'),
(284, 'TROLLEYBUS'),
(285, 'BUS'),
(285, 'TROLLEYBUS'),
(286, 'BUS'),
(286, 'TROLLEYBUS'),
(287, 'BUS'),
(287, 'TROLLEYBUS'),
(288, 'BUS'),
(288, 'TROLLEYBUS'),
(289, 'BUS'),
(289, 'TROLLEYBUS'),
(290, 'BUS'),
(291, 'BUS'),
(292, 'BUS'),
(293, 'BUS'),
(293, 'TROLLEYBUS'),
(294, 'BUS'),
(294, 'TROLLEYBUS'),
(295, 'BUS'),
(295, 'TROLLEYBUS'),
(296, 'BUS'),
(296, 'TROLLEYBUS'),
(297, 'BUS'),
(297, 'TROLLEYBUS'),
(298, 'BUS'),
(298, 'TROLLEYBUS'),
(299, 'BUS'),
(300, 'BUS'),
(301, 'BUS'),
(301, 'TROLLEYBUS'),
(302, 'BUS'),
(303, 'BUS'),
(304, 'BUS'),
(304, 'TROLLEYBUS'),
(305, 'BUS'),
(305, 'TROLLEYBUS'),
(306, 'TROLLEYBUS'),
(307, 'TROLLEYBUS'),
(308, 'BUS'),
(308, 'TROLLEYBUS'),
(309, 'BUS'),
(309, 'TROLLEYBUS'),
(310, 'BUS'),
(310, 'TROLLEYBUS'),
(311, 'BUS'),
(311, 'TROLLEYBUS'),
(312, 'BUS'),
(312, 'TROLLEYBUS'),
(313, 'BUS'),
(314, 'BUS'),
(314, 'TROLLEYBUS'),
(315, 'BUS'),
(315, 'TROLLEYBUS'),
(316, 'BUS'),
(316, 'TROLLEYBUS'),
(317, 'BUS'),
(318, 'BUS'),
(318, 'TROLLEYBUS'),
(319, 'BUS'),
(319, 'TROLLEYBUS'),
(320, 'BUS'),
(320, 'TROLLEYBUS'),
(321, 'BUS'),
(321, 'TROLLEYBUS'),
(322, 'BUS'),
(322, 'TROLLEYBUS'),
(323, 'BUS'),
(323, 'TROLLEYBUS'),
(324, 'BUS'),
(324, 'TROLLEYBUS'),
(325, 'BUS'),
(325, 'TROLLEYBUS'),
(326, 'BUS'),
(326, 'TROLLEYBUS');

INSERT INTO SHAPE(ID) VALUES (1), (2);
INSERT INTO SHAPE_POINTS(SHAPE_ID, LATITUDE, LONGITUDE, DIST_TRAVELED, SHAPE_POINTS_ORDER) VALUES
(1, 50.90755228411547, 34.798035621643066, '0 m', 0),
(1, 50.90755228411547, 34.798035621643066, '0 m', 1),
(2, 50.90755228411547, 34.798035621643066, '0 m', 0),
(2, 50.90755228411547, 34.798035621643066, '0 m', 1);

INSERT INTO ROUTE(ID, CODE, VEHICLE_TYPE, SHAPE_ID) VALUES
(1, 'T-1-INBOUND', 'TROLLEYBUS', 1);
INSERT INTO ROUTE_STATION(ROUTE_ID, STATION_ID,STATIONS_ORDER) VALUES
(1, 1, 0),
(1, 19, 1);

INSERT INTO ROUTE(ID, CODE, VEHICLE_TYPE, SHAPE_ID) VALUES
(2, 'T-1-OUTBOUND', 'TROLLEYBUS', 2);
INSERT INTO ROUTE_STATION(ROUTE_ID, STATION_ID, STATIONS_ORDER) VALUES
(2, 2, 0),
(2, 20, 1);

-- Source: https://data.danimist.org.ua/dataset/sumy-gtfs
INSERT INTO LINE(ID, CODE, DESCRIPTION, NAME, INBOUND_ROUTE_ID, OUTBOUND_ROUTE_ID, URL, AGENCY_ID) VALUES
(1, 'T-1', NULL, '1', 1, 2, NULL, 1),
(2, 'T-2', NULL, '2', 1, 2, NULL, 1),
(3, 'T-3', NULL, '3', 1, 2, NULL, 1),
(4, 'T-4', NULL, '4', 1, 2, NULL, 1),
(5, 'T-5', NULL, '5', 1, 2, NULL, 1),
(6, 'T-6', NULL, '6', 1, 2, NULL, 1),
(7, 'T-7', NULL, '7', 1, 2, NULL, 1),
(8, 'T-8', NULL, '8', 1, 2, NULL, 1),
(9, 'T-9', NULL, '9', 1, 2, NULL, 1),
(10, 'T-10', NULL, '10', 1, 2, NULL, 1),
(11, 'T-11', NULL, '11', 1, 2, NULL, 1),
(12, 'T-12', NULL, '12', 1, 2, NULL, 1),
(13, 'T-13', NULL, '13', 1, 2, NULL, 1),
(14, 'T-14', NULL, '14', 1, 2, NULL, 1),
(15, 'T-15', NULL, '15', 1, 2, NULL, 1),
(16, 'T-16', NULL, '16', 1, 2, NULL, 1),
(17, 'T-17', NULL, '17', 1, 2, NULL, 1),
(18, 'T-18', NULL, '18', 1, 2, NULL, 1),
(19, 'T-19', NULL, '19', 1, 2, NULL, 1);

INSERT INTO LINE(ID, CODE, DESCRIPTION, NAME, INBOUND_ROUTE_ID, OUTBOUND_ROUTE_ID, URL, AGENCY_ID) VALUES
(20, 'B-1', NULL, '1', 1, 2, NULL, 1),
(21, 'B-2', NULL, '2', 1, 2, NULL, 1),
(22, 'B-3', NULL, '3', 1, 2, NULL, 1),
(23, 'B-4', NULL, '4', 1, 2, NULL, 1),
(24, 'B-5', NULL, '5', 1, 2, NULL, 1),
(25, 'B-6', NULL, '6', 1, 2, NULL, 1),
(26, 'B-7', NULL, '7', 1, 2, NULL, 1),
(27, 'B-7A', NULL, '7A', 1, 2, NULL, 1),
(28, 'B-8', NULL, '8', 1, 2, NULL, 1),
(29, 'B-9', NULL, '9', 1, 2, NULL, 1),
(30, 'B-9A', NULL, '9A', 1, 2, NULL, 1),
(31, 'B-10', NULL, '10', 1, 2, NULL, 1),
(32, 'B-11', NULL, '11', 1, 2, NULL, 1);
