INSERT INTO AGENCY(ID, LANG, NAME, PHONE, TIMEZONE, URL) VALUES
(1, 'uk', 'КП СМР "ЕЛЕКТРОАВТОТРАНС"', '+3805427007002', 'Europe/Kiev', 'http://trolleybus.sumy.ua/');

INSERT INTO STATION(ID, CODE, DESCRIPTION, IS_HAIL, LATITUDE, LONGITUDE, NAME) VALUES
(1, NULL, NULL, FALSE, 50.87346627947756, 34.77258950471878, 'Аеропорт 01'),
(2, NULL, NULL, FALSE, 50.874911710227245, 34.77391183376312 , 'Обласна типографія 01'),
(3, NULL, NULL, FALSE, 50.876103225988686, 34.774577021598816, 'Вулиця Лебединська 01'),
(4, NULL, NULL, FALSE, 50.87986797863978, 34.78075012564659, 'Аграрний університет 01'),
(5, NULL, NULL, FALSE, 50.88132590296353, 34.78404521942139, 'Кадетський корпус 01'),
(6, NULL, NULL, FALSE, 50.885762856834965, 34.78397011756897, 'Вулиця генерала Морозова 01'),
(7, NULL, NULL, FALSE, 50.88966810958405, 34.785085916519165, 'Міськвійськомат 01'),
(8, NULL, NULL, FALSE, 50.89472347045049, 34.783573150634766, 'Перша міська клінична лікарня 01'),
(9, NULL, NULL, FALSE, 50.89352566346379, 34.78388965129852, 'Перша міська клінична лікарня 03'),
(10, NULL, NULL, FALSE, 50.89625959590383, 34.784235656261444, 'Будівельний коледж 01'),
(11, NULL, NULL, FALSE, 50.899642953429755, 34.787843227386475, 'Олександра Олеся 01'),
(12, NULL, NULL, FALSE, 50.9024238892353, 34.79164123535156, 'Вулиця Береста 01'),
(13, NULL, NULL, FALSE, 50.90418303292861, 34.793819189071655, 'Перекопська 01'),
(14, NULL, NULL, FALSE, 50.906973845678124, 34.79747772216797, 'ЦУМ 01'),
(15, NULL, NULL, FALSE, 50.910028325311025, 34.80491280555725, 'Обласна універсальна наукова бібліотека 01'),
(16, NULL, NULL, FALSE, 50.91202394571491, 34.81186509132385, 'Олександрівська гімназія 01'),
(17, NULL, NULL, FALSE, 50.91611639107398, 34.81515884399414, 'Пологовий будинок 01'),
(18, NULL, NULL, FALSE, 50.92081718581453, 34.816060066223145, 'Міська дитяча лікарня 01'),
(19, NULL, NULL, FALSE, 50.92474655051806, 34.815512895584106, 'Обласна лікарня 01'),
(20, NULL, NULL, FALSE, 50.926356073979704, 34.808571338653564, 'Залізничний вокзал 01');

INSERT INTO STATION(ID, CODE, DESCRIPTION, IS_HAIL, LATITUDE, LONGITUDE, NAME) VALUES
(21, NULL, NULL, FALSE, 50.926126145465986, 34.810084104537964, 'Залізничний вокзал 02'),
(22, NULL, NULL, FALSE, 50.92186042730364, 34.806338399648666, 'Проспект Шевченка 02'),
(23, NULL, NULL, FALSE, 50.91688072528157, 34.806028604507446, 'Кінотеатр "Дружба" 02'),
(24, NULL, NULL, FALSE, 50.9150899313597, 34.805598109960556, 'Парк "Дружба" 02'),
(25, NULL, NULL, FALSE, 50.90904739578218, 34.80347514152527, 'Обласна універсальна наукова бібліотека 02'),
(26, NULL, NULL, FALSE, 50.9066389569818, 34.79674816131592, 'ЦУМ 02'),
(27, NULL, NULL, FALSE, 50.90496447736276, 34.79461848735809, 'Першотравнева 02'),
(28, NULL, NULL, FALSE, 50.90346585160204, 34.792574644088745, 'Перекопська 02'),
(29, NULL, NULL, FALSE, 50.90169991464034, 34.7902250289917, 'Вулиця Береста 02'),
(30, NULL, NULL, FALSE, 50.89969708515214, 34.7877037525177, 'Олександра Олеся 02'),
(31, NULL, NULL, FALSE, 50.89748439971541, 34.78488206863403, 'Будівельний коледж 02'),
(32, NULL, NULL, FALSE, 50.89460166097762, 34.78325128555298, 'Перша міська клінична лікарня 02'),
(33, NULL, NULL, FALSE, 50.888784887828365, 34.7846245765686, 'Школа №1'),
(34, NULL, NULL, FALSE, 50.88524506477535, 34.783557057380676, 'Вулиця генерала Морозова 02'),
(35, NULL, NULL, FALSE, 50.881484977262424, 34.783931225538254, 'Кадетський корпус 02'),
(36, NULL, NULL, FALSE, 50.87964374363125, 34.77976441383362, 'Аграрний університет 02'),
(37, NULL, NULL, FALSE, 50.876068530292734, 34.77430209517479, 'Вулиця Лебединська 02'),
(38, NULL, NULL, FALSE, 50.8738251025351, 34.77240979671478, 'Аеропорт 02');

INSERT INTO STATION_VEHICLE_TYPE(STATION_ID, VEHICLE_TYPE) VALUES
(1, 'TROLLEYBUS'),
(2, 'TROLLEYBUS'),
(3, 'TROLLEYBUS'),
(4, 'TROLLEYBUS'),
(5, 'TROLLEYBUS'),
(6, 'TROLLEYBUS'),
(7, 'TROLLEYBUS'),
(8, 'TROLLEYBUS'),
(9, 'TROLLEYBUS'),
(10, 'TROLLEYBUS'),
(11, 'TROLLEYBUS'),
(12, 'TROLLEYBUS'),
(13, 'TROLLEYBUS'),
(14, 'TROLLEYBUS'),
(15, 'TROLLEYBUS'),
(16, 'TROLLEYBUS'),
(17, 'TROLLEYBUS'),
(18, 'TROLLEYBUS'),
(19, 'TROLLEYBUS'),
(20, 'TROLLEYBUS');

INSERT INTO STATION_VEHICLE_TYPE(STATION_ID, VEHICLE_TYPE) VALUES
(21, 'TROLLEYBUS'),
(22, 'TROLLEYBUS'),
(23, 'TROLLEYBUS'),
(24, 'TROLLEYBUS'),
(25, 'TROLLEYBUS'),
(26, 'TROLLEYBUS'),
(27, 'TROLLEYBUS'),
(28, 'TROLLEYBUS'),
(29, 'TROLLEYBUS'),
(30, 'TROLLEYBUS'),
(31, 'TROLLEYBUS'),
(32, 'TROLLEYBUS'),
(33, 'TROLLEYBUS'),
(34, 'TROLLEYBUS'),
(35, 'TROLLEYBUS'),
(36, 'TROLLEYBUS'),
(37, 'TROLLEYBUS'),
(38, 'TROLLEYBUS');

INSERT INTO SHAPE(ID) VALUES
(1),
(2);

INSERT INTO SHAPE_POINTS(SHAPE_ID, DIST_TRAVELED, LATITUDE, LONGITUDE, SHAPE_POINTS_ORDER) VALUES
(1, '0 m', 50.926126145465986, 34.810084104537964, 0),
(1, '652.0 m', 50.92186042730364, 34.806338399648666, 1),
(1, '1205.0 m', 50.91688072528157, 34.806028604507446, 2),
(1, '1419.0 m', 50.9150899313597, 34.805598109960556, 3),
(1, '2168.0 m', 50.90904739578218, 34.80347514152527, 4),
(1, '2847.0 m', 50.9066389569818, 34.79674816131592, 5),
(1, '3086.0 m', 50.90496447736276, 34.79461848735809, 6),
(1, '3306.0 m', 50.90346585160204, 34.792574644088745, 7),
(1, '3562.0 m', 50.90169991464034, 34.7902250289917, 8),
(1, '3846.0 m', 50.89969708515214, 34.7877037525177, 9),
(1, '3048.0 m', 50.91611639107398, 34.81515884399414, 10),
(1, '4396.0 m', 50.89460166097762, 34.78325128555298, 11),
(1, '1976.0 m', 50.888784887828365, 34.7846245765686, 12),
(1, '1820.0 m', 50.88524506477535, 34.783557057380676, 13),
(1, '2638.0 m', 50.881484977262424, 34.783931225538254, 14),
(1, '3204.0 m', 50.87964374363125, 34.77976441383362, 15),
(1, '3648.0 m', 50.876068530292734, 34.77430209517479, 16),
(1, '3589.0 m', 50.8738251025351, 34.77240979671478, 17),
(2, '0 m', 50.87346627947756, 34.77258950471878, 0),
(2, '324.0 m', 50.876103225988686, 34.774577021598816, 1),
(2, '945.0 m', 50.87986797863978, 34.78075012564659, 2),
(2, '1227.0 m', 50.88132590296353, 34.78404521942139, 3),
(2, '1763.0 m', 50.885762856834965, 34.78397011756897, 4),
(2, '2204.0 m', 50.88966810958405, 34.785085916519165, 5),
(2, '2892.0 m', 50.89472347045049, 34.783573150634766, 6),
(2, '3062.0 m', 50.89352566346379, 34.78388965129852, 7),
(2, '3409.0 m', 50.89625959590383, 34.784235656261444, 8),
(2, '3870.0 m', 50.899642953429755, 34.787843227386475, 9),
(2, '405.0 m', 50.9024238892353, 34.79164123535156, 10),
(2, '572.0 m', 50.90418303292861, 34.793819189071655, 11),
(2, '1347.0 m', 50.906973845678124, 34.79747772216797, 12),
(2, '2003.0 m', 50.910028325311025, 34.80491280555725, 13),
(2, '2463.0 m', 50.91202394571491, 34.81186509132385, 14),
(2, '2717.0 m', 50.91611639107398, 34.81515884399414, 15),
(2, '3417.0 m', 50.92081718581453, 34.816060066223145, 16),
(2, '3533.0 m', 50.92474655051806, 34.815512895584106, 17),
(2, '3932.0 m', 50.926356073979704, 34.808571338653564, 18);

INSERT INTO ROUTE(ID, CODE, VEHICLE_TYPE, SHAPE_ID) VALUES
(1, '3', 'TROLLEYBUS', 1),
(2, '3', 'TROLLEYBUS', 2);

INSERT INTO ROUTE_STATION(ROUTE_ID, STATION_ID, STATIONS_ORDER) VALUES
(1, 1, 0),
(1, 3, 1),
(1, 4, 2),
(1, 5, 3),
(1, 6, 4),
(1, 7, 5),
(1, 8, 6),
(1, 9, 7),
(1, 10, 8),
(1, 11, 9),
(1, 12, 10),
(1, 13, 11),
(1, 14, 12),
(1, 15, 13),
(1, 16, 14),
(1, 17, 15),
(1, 18, 16),
(1, 19, 17),
(1, 20, 18),
(2, 21, 0),
(2, 22, 1),
(2, 23, 2),
(2, 24, 3),
(2, 25, 4),
(2, 26, 5),
(2, 27, 6),
(2, 28, 7),
(2, 29, 8),
(2, 30, 9),
(2, 17, 10),
(2, 32, 11),
(2, 33, 12),
(2, 34, 13),
(2, 35, 14),
(2, 36, 15),
(2, 37, 16),
(2, 38, 17);

INSERT INTO LINE(ID, CODE, DESCRIPTION, NAME, URL, AGENCY_ID, INBOUND_ROUTE_ID, OUTBOUND_ROUTE_ID) VALUES
(1, '3', NULL, '3', 'http://nema.ua', 1, 1, 2);
