INSERT INTO AGENCY(ID, LANG, NAME, PHONE, TIMEZONE, URL) VALUES
(1, 'uk', 'КП СМР "ЕЛЕКТРОАВТОТРАНС"', '+3805427007002', 'Europe/Kiev', 'http://trolleybus.sumy.ua/');

INSERT INTO STATION(ID, CODE, DESCRIPTION, IS_HAIL, LATITUDE, LONGITUDE, NAME) VALUES
(1, NULL, NULL, FALSE, 50.87346627947756, 34.77258950471878, 'Аеропорт 01'),
(2, NULL, NULL, FALSE, 50.874911710227245, 34.77391183376312 , 'Обласна типографія 01'),
(3, NULL, NULL, FALSE, 50.876103225988686, 34.774577021598816, 'Вулиця Лебединська 01'),
(4, NULL, NULL, FALSE, 50.87986797863978, 34.78075012564659, 'Аграрний університет 01'),
(5, NULL, NULL, FALSE, 50.88132590296353, 34.78404521942139, 'Кадетський корпус 01'),
(6, NULL, NULL, FALSE, 50.885762856834965, 34.78397011756897, 'Вулиця генерала Морозова 01'),
(7, NULL, NULL, FALSE, 50.88966810958405, 34.785085916519165, 'Міськвійськомат 01'),
(8, NULL, NULL, FALSE, 50.89472347045049, 34.783573150634766, 'Перша міська клінична лікарня 01'),
(9, NULL, NULL, FALSE, 50.89352566346379, 34.78388965129852, 'Перша міська клінична лікарня 03'),
(10, NULL, NULL, FALSE, 50.89625959590383, 34.784235656261444, 'Будівельний коледж 01'),
(11, NULL, NULL, FALSE, 50.899642953429755, 34.787843227386475, 'Олександра Олеся 01'),
(12, NULL, NULL, FALSE, 50.9024238892353, 34.79164123535156, 'Вулиця Береста 01'),
(13, NULL, NULL, FALSE, 50.90418303292861, 34.793819189071655, 'Перекопська 01'),
(14, NULL, NULL, FALSE, 50.906973845678124, 34.79747772216797, 'ЦУМ 01'),
(15, NULL, NULL, FALSE, 50.910028325311025, 34.80491280555725, 'Обласна універсальна наукова бібліотека 01'),
(16, NULL, NULL, FALSE, 50.91202394571491, 34.81186509132385, 'Олександрівська гімназія 01'),
(17, NULL, NULL, FALSE, 50.91611639107398, 34.81515884399414, 'Пологовий будинок 01'),
(18, NULL, NULL, FALSE, 50.92081718581453, 34.816060066223145, 'Міська дитяча лікарня 01'),
(19, NULL, NULL, FALSE, 50.92474655051806, 34.815512895584106, 'Обласна лікарня 01'),
(20, NULL, NULL, FALSE, 50.926356073979704, 34.808571338653564, 'Залізничний вокзал 01');

INSERT INTO STATION(ID, CODE, DESCRIPTION, IS_HAIL, LATITUDE, LONGITUDE, NAME) VALUES
(21, NULL, NULL, FALSE, 50.926126145465986, 34.810084104537964, 'Залізничний вокзал 02'),
(22, NULL, NULL, FALSE, 50.92186042730364, 34.806338399648666, 'Проспект Шевченка 02'),
(23, NULL, NULL, FALSE, 50.91688072528157, 34.806028604507446, 'Кінотеатр "Дружба" 02'),
(24, NULL, NULL, FALSE, 50.9150899313597, 34.805598109960556, 'Парк "Дружба" 02'),
(25, NULL, NULL, FALSE, 50.90904739578218, 34.80347514152527, 'Обласна універсальна наукова бібліотека 02'),
(26, NULL, NULL, FALSE, 50.9066389569818, 34.79674816131592, 'ЦУМ 02'),
(27, NULL, NULL, FALSE, 50.90496447736276, 34.79461848735809, 'Першотравнева 02'),
(28, NULL, NULL, FALSE, 50.90346585160204, 34.792574644088745, 'Перекопська 02'),
(29, NULL, NULL, FALSE, 50.90169991464034, 34.7902250289917, 'Вулиця Береста 02'),
(30, NULL, NULL, FALSE, 50.89969708515214, 34.7877037525177, 'Олександра Олеся 02'),
(31, NULL, NULL, FALSE, 50.89748439971541, 34.78488206863403, 'Будівельний коледж 02'),
(32, NULL, NULL, FALSE, 50.89460166097762, 34.78325128555298, 'Перша міська клінична лікарня 02'),
(33, NULL, NULL, FALSE, 50.888784887828365, 34.7846245765686, 'Школа №1'),
(34, NULL, NULL, FALSE, 50.88524506477535, 34.783557057380676, 'Вулиця генерала Морозова 02'),
(35, NULL, NULL, FALSE, 50.881484977262424, 34.783931225538254, 'Кадетський корпус 02'),
(36, NULL, NULL, FALSE, 50.87964374363125, 34.77976441383362, 'Аграрний університет 02'),
(37, NULL, NULL, FALSE, 50.876068530292734, 34.77430209517479, 'Вулиця Лебединська 02'),
(38, NULL, NULL, FALSE, 50.8738251025351, 34.77240979671478, 'Аеропорт 02');

INSERT INTO STATION_VEHICLE_TYPE(STATION_ID, VEHICLE_TYPE) VALUES
(1, 'TROLLEYBUS'),
(2, 'TROLLEYBUS'),
(3, 'TROLLEYBUS'),
(4, 'TROLLEYBUS'),
(5, 'TROLLEYBUS'),
(6, 'TROLLEYBUS'),
(7, 'TROLLEYBUS'),
(8, 'TROLLEYBUS'),
(9, 'TROLLEYBUS'),
(10, 'TROLLEYBUS'),
(11, 'TROLLEYBUS'),
(12, 'TROLLEYBUS'),
(13, 'TROLLEYBUS'),
(14, 'TROLLEYBUS'),
(15, 'TROLLEYBUS'),
(16, 'TROLLEYBUS'),
(17, 'TROLLEYBUS'),
(18, 'TROLLEYBUS'),
(19, 'TROLLEYBUS'),
(20, 'TROLLEYBUS');

INSERT INTO STATION_VEHICLE_TYPE(STATION_ID, VEHICLE_TYPE) VALUES
(21, 'TROLLEYBUS'),
(22, 'TROLLEYBUS'),
(23, 'TROLLEYBUS'),
(24, 'TROLLEYBUS'),
(25, 'TROLLEYBUS'),
(26, 'TROLLEYBUS'),
(27, 'TROLLEYBUS'),
(28, 'TROLLEYBUS'),
(29, 'TROLLEYBUS'),
(30, 'TROLLEYBUS'),
(31, 'TROLLEYBUS'),
(32, 'TROLLEYBUS'),
(33, 'TROLLEYBUS'),
(34, 'TROLLEYBUS'),
(35, 'TROLLEYBUS'),
(36, 'TROLLEYBUS'),
(37, 'TROLLEYBUS'),
(38, 'TROLLEYBUS');

INSERT INTO SHAPE(ID) VALUES
(1),
(2);

INSERT INTO SHAPE_POINTS(SHAPE_ID, DIST_TRAVELED, LATITUDE, LONGITUDE, SHAPE_POINTS_ORDER) VALUES
(1, '0 m', 50.87346627947756, 34.77258950471878, 0),
(1, '324.0 m', 50.876103225988686, 34.774577021598816, 1),
(1, '945.0 m', 50.87986797863978, 34.78075012564659, 2),
(1, '1227.0 m', 50.88132590296353, 34.78404521942139, 3),
(1, '1763.0 m', 50.885762856834965, 34.78397011756897, 4),
(1, '2204.0 m', 50.88966810958405, 34.785085916519165, 5),
(1, '2892.0 m', 50.89472347045049, 34.783573150634766, 6),
(1, '3062.0 m', 50.89352566346379, 34.78388965129852, 7),
(1, '3409.0 m', 50.89625959590383, 34.784235656261444, 8),
(1, '3870.0 m', 50.899642953429755, 34.787843227386475, 9),
(1, '4275.0 m', 50.9024238892353, 34.79164123535156, 10),
(1, '4523.0 m', 50.90418303292861, 34.793819189071655, 11),
(1, '4925.0 m', 50.906973845678124, 34.79747772216797, 12),
(1, '5701.0 m', 50.910028325311025, 34.80491280555725, 13),
(1, '6401.0 m', 50.91202394571491, 34.81186509132385, 14),
(1, '6914.0 m', 50.91611639107398, 34.81515884399414, 15),
(1, '7439.0 m', 50.92081718581453, 34.816060066223145, 16),
(1, '7910.0 m', 50.92474655051806, 34.815512895584106, 17),
(1, '8433.0 m', 50.926356073979704, 34.808571338653564, 18),
(2, '0 m', 50.926126145465986, 34.810084104537964, 0),
(2, '652.0 m', 50.92186042730364, 34.806338399648666, 1),
(2, '1205.0 m', 50.91688072528157, 34.806028604507446, 2),
(2, '1419.0 m', 50.9150899313597, 34.805598109960556, 3),
(2, '2168.0 m', 50.90904739578218, 34.80347514152527, 4),
(2, '2847.0 m', 50.9066389569818, 34.79674816131592, 5),
(2, '3086.0 m', 50.90496447736276, 34.79461848735809, 6),
(2, '3306.0 m', 50.90346585160204, 34.792574644088745, 7),
(2, '3562.0 m', 50.90169991464034, 34.7902250289917, 8),
(2, '3846.0 m', 50.89969708515214, 34.7877037525177, 9),
(2, '6894.0 m', 50.91611639107398, 34.81515884399414, 10),
(2, '10638.0 m', 50.89460166097762, 34.78325128555298, 11),
(2, '11409.0 m', 50.888784887828365, 34.7846245765686, 12),
(2, '11810.0 m', 50.88524506477535, 34.783557057380676, 13),
(2, '12280.0 m', 50.881484977262424, 34.783931225538254, 14),
(2, '12637.0 m', 50.87964374363125, 34.77976441383362, 15),
(2, '13199.0 m', 50.876068530292734, 34.77430209517479, 16),
(2, '13482.0 m', 50.8738251025351, 34.77240979671478, 17);

INSERT INTO ROUTE(ID, CODE, VEHICLE_TYPE, SHAPE_ID) VALUES
(1, '3', 'TROLLEYBUS', 1),
(2, '3', 'TROLLEYBUS', 2);

INSERT INTO ROUTE_STATION(ROUTE_ID, STATION_ID, STATIONS_ORDER) VALUES
(1, 1, 0),
(1, 3, 1),
(1, 4, 2),
(1, 5, 3),
(1, 6, 4),
(1, 7, 5),
(1, 8, 6),
(1, 9, 7),
(1, 10, 8),
(1, 11, 9),
(1, 12, 10),
(1, 13, 11),
(1, 14, 12),
(1, 15, 13),
(1, 16, 14),
(1, 17, 15),
(1, 18, 16),
(1, 19, 17),
(1, 20, 18),
(2, 21, 0),
(2, 22, 1),
(2, 23, 2),
(2, 24, 3),
(2, 25, 4),
(2, 26, 5),
(2, 27, 6),
(2, 28, 7),
(2, 29, 8),
(2, 30, 9),
(2, 17, 10),
(2, 32, 11),
(2, 33, 12),
(2, 34, 13),
(2, 35, 14),
(2, 36, 15),
(2, 37, 16),
(2, 38, 17);

INSERT INTO LINE(ID, CODE, DESCRIPTION, NAME, URL, AGENCY_ID, INBOUND_ROUTE_ID, OUTBOUND_ROUTE_ID) VALUES
(1, '3', NULL, '3', 'http://nema.ua', 1, 1, 2);

INSERT INTO PUBLIC.SCHEDULE(ID, END_DATE, START_DATE, DESCRIPTION, LINE_ID) VALUES
(1, DATE '2018-06-12', DATE '2017-06-12', STRINGDECODE('\u0420\u043e\u0437\u043a\u043b\u0430\u0434 \u0432\u0456\u0434 13.06.17, \u043b\u0456\u043d\u0456\u044f \u21163 (\u0440\u043e\u0431\u043e\u0447\u0456 \u0434\u043d\u0456)'), 1);

INSERT INTO PUBLIC.SCHEDULE_AVAILABILITY_DAYS(SCHEDULE_ID, DAY_OF_WEEK) VALUES
(1, 3),
(1, 4),
(1, 0),
(1, 1),
(1, 2);

INSERT INTO PUBLIC.TRIP(ID, HEADSIGN, VEHICLE_ID, ROUTE_ID, SCHEDULE_ID) VALUES
(1, STRINGDECODE('\u0417\u0430\u043b\u0456\u0437\u043d\u0438\u0447\u043d\u0438\u0439 \u0432\u043e\u043a\u0437\u0430\u043b 01'), 1, 1, 1),
(2, STRINGDECODE('\u0410\u0435\u0440\u043e\u043f\u043e\u0440\u0442 02'), 1, 2, 1),
(3, STRINGDECODE('\u0417\u0430\u043b\u0456\u0437\u043d\u0438\u0447\u043d\u0438\u0439 \u0432\u043e\u043a\u0437\u0430\u043b 01'), 1, 1, 1),
(4, STRINGDECODE('\u0410\u0435\u0440\u043e\u043f\u043e\u0440\u0442 02'), 1, 2, 1),
(5, STRINGDECODE('\u0417\u0430\u043b\u0456\u0437\u043d\u0438\u0447\u043d\u0438\u0439 \u0432\u043e\u043a\u0437\u0430\u043b 01'), 1, 1, 1),
(6, STRINGDECODE('\u0410\u0435\u0440\u043e\u043f\u043e\u0440\u0442 02'), 1, 2, 1),
(7, STRINGDECODE('\u0417\u0430\u043b\u0456\u0437\u043d\u0438\u0447\u043d\u0438\u0439 \u0432\u043e\u043a\u0437\u0430\u043b 01'), 1, 1, 1),
(8, STRINGDECODE('\u0410\u0435\u0440\u043e\u043f\u043e\u0440\u0442 02'), 1, 2, 1),
(9, STRINGDECODE('\u0417\u0430\u043b\u0456\u0437\u043d\u0438\u0447\u043d\u0438\u0439 \u0432\u043e\u043a\u0437\u0430\u043b 01'), 1, 1, 1),
(10, STRINGDECODE('\u0410\u0435\u0440\u043e\u043f\u043e\u0440\u0442 02'), 1, 2, 1),
(11, STRINGDECODE('\u0417\u0430\u043b\u0456\u0437\u043d\u0438\u0447\u043d\u0438\u0439 \u0432\u043e\u043a\u0437\u0430\u043b 01'), 1, 1, 1),
(12, STRINGDECODE('\u0410\u0435\u0440\u043e\u043f\u043e\u0440\u0442 02'), 1, 2, 1),
(13, STRINGDECODE('\u0417\u0430\u043b\u0456\u0437\u043d\u0438\u0447\u043d\u0438\u0439 \u0432\u043e\u043a\u0437\u0430\u043b 01'), 1, 1, 1),
(14, STRINGDECODE('\u0410\u0435\u0440\u043e\u043f\u043e\u0440\u0442 02'), 1, 2, 1),
(15, STRINGDECODE('\u0417\u0430\u043b\u0456\u0437\u043d\u0438\u0447\u043d\u0438\u0439 \u0432\u043e\u043a\u0437\u0430\u043b 01'), 1, 1, 1),
(16, STRINGDECODE('\u0410\u0435\u0440\u043e\u043f\u043e\u0440\u0442 02'), 1, 2, 1),
(17, STRINGDECODE('\u0417\u0430\u043b\u0456\u0437\u043d\u0438\u0447\u043d\u0438\u0439 \u0432\u043e\u043a\u0437\u0430\u043b 01'), 2, 1, 1),
(18, STRINGDECODE('\u0410\u0435\u0440\u043e\u043f\u043e\u0440\u0442 02'), 2, 2, 1),
(19, STRINGDECODE('\u0417\u0430\u043b\u0456\u0437\u043d\u0438\u0447\u043d\u0438\u0439 \u0432\u043e\u043a\u0437\u0430\u043b 01'), 2, 1, 1),
(20, STRINGDECODE('\u0410\u0435\u0440\u043e\u043f\u043e\u0440\u0442 02'), 2, 2, 1),
(21, STRINGDECODE('\u0417\u0430\u043b\u0456\u0437\u043d\u0438\u0447\u043d\u0438\u0439 \u0432\u043e\u043a\u0437\u0430\u043b 01'), 2, 1, 1),
(22, STRINGDECODE('\u0410\u0435\u0440\u043e\u043f\u043e\u0440\u0442 02'), 2, 2, 1),
(23, STRINGDECODE('\u0417\u0430\u043b\u0456\u0437\u043d\u0438\u0447\u043d\u0438\u0439 \u0432\u043e\u043a\u0437\u0430\u043b 01'), 2, 1, 1),
(24, STRINGDECODE('\u0410\u0435\u0440\u043e\u043f\u043e\u0440\u0442 02'), 2, 2, 1),
(25, STRINGDECODE('\u0417\u0430\u043b\u0456\u0437\u043d\u0438\u0447\u043d\u0438\u0439 \u0432\u043e\u043a\u0437\u0430\u043b 01'), 2, 1, 1),
(26, STRINGDECODE('\u0410\u0435\u0440\u043e\u043f\u043e\u0440\u0442 02'), 2, 2, 1),
(27, STRINGDECODE('\u0417\u0430\u043b\u0456\u0437\u043d\u0438\u0447\u043d\u0438\u0439 \u0432\u043e\u043a\u0437\u0430\u043b 01'), 2, 1, 1),
(28, STRINGDECODE('\u0410\u0435\u0440\u043e\u043f\u043e\u0440\u0442 02'), 2, 2, 1),
(29, STRINGDECODE('\u0417\u0430\u043b\u0456\u0437\u043d\u0438\u0447\u043d\u0438\u0439 \u0432\u043e\u043a\u0437\u0430\u043b 01'), 2, 1, 1),
(30, STRINGDECODE('\u0410\u0435\u0440\u043e\u043f\u043e\u0440\u0442 02'), 2, 2, 1),
(31, STRINGDECODE('\u0417\u0430\u043b\u0456\u0437\u043d\u0438\u0447\u043d\u0438\u0439 \u0432\u043e\u043a\u0437\u0430\u043b 01'), 2, 1, 1),
(32, STRINGDECODE('\u0410\u0435\u0440\u043e\u043f\u043e\u0440\u0442 02'), 2, 2, 1),
(33, STRINGDECODE('\u0417\u0430\u043b\u0456\u0437\u043d\u0438\u0447\u043d\u0438\u0439 \u0432\u043e\u043a\u0437\u0430\u043b 01'), 3, 1, 1),
(34, STRINGDECODE('\u0410\u0435\u0440\u043e\u043f\u043e\u0440\u0442 02'), 3, 2, 1),
(35, STRINGDECODE('\u0417\u0430\u043b\u0456\u0437\u043d\u0438\u0447\u043d\u0438\u0439 \u0432\u043e\u043a\u0437\u0430\u043b 01'), 3, 1, 1),
(36, STRINGDECODE('\u0410\u0435\u0440\u043e\u043f\u043e\u0440\u0442 02'), 3, 2, 1),
(37, STRINGDECODE('\u0417\u0430\u043b\u0456\u0437\u043d\u0438\u0447\u043d\u0438\u0439 \u0432\u043e\u043a\u0437\u0430\u043b 01'), 3, 1, 1);
INSERT INTO PUBLIC.TRIP(ID, HEADSIGN, VEHICLE_ID, ROUTE_ID, SCHEDULE_ID) VALUES
(38, STRINGDECODE('\u0410\u0435\u0440\u043e\u043f\u043e\u0440\u0442 02'), 3, 2, 1),
(39, STRINGDECODE('\u0417\u0430\u043b\u0456\u0437\u043d\u0438\u0447\u043d\u0438\u0439 \u0432\u043e\u043a\u0437\u0430\u043b 01'), 3, 1, 1),
(40, STRINGDECODE('\u0410\u0435\u0440\u043e\u043f\u043e\u0440\u0442 02'), 3, 2, 1),
(41, STRINGDECODE('\u0417\u0430\u043b\u0456\u0437\u043d\u0438\u0447\u043d\u0438\u0439 \u0432\u043e\u043a\u0437\u0430\u043b 01'), 3, 1, 1),
(42, STRINGDECODE('\u0410\u0435\u0440\u043e\u043f\u043e\u0440\u0442 02'), 3, 2, 1),
(43, STRINGDECODE('\u0417\u0430\u043b\u0456\u0437\u043d\u0438\u0447\u043d\u0438\u0439 \u0432\u043e\u043a\u0437\u0430\u043b 01'), 3, 1, 1),
(44, STRINGDECODE('\u0410\u0435\u0440\u043e\u043f\u043e\u0440\u0442 02'), 3, 2, 1),
(45, STRINGDECODE('\u0417\u0430\u043b\u0456\u0437\u043d\u0438\u0447\u043d\u0438\u0439 \u0432\u043e\u043a\u0437\u0430\u043b 01'), 3, 1, 1),
(46, STRINGDECODE('\u0410\u0435\u0440\u043e\u043f\u043e\u0440\u0442 02'), 3, 2, 1),
(47, STRINGDECODE('\u0417\u0430\u043b\u0456\u0437\u043d\u0438\u0447\u043d\u0438\u0439 \u0432\u043e\u043a\u0437\u0430\u043b 01'), 3, 1, 1),
(48, STRINGDECODE('\u0410\u0435\u0440\u043e\u043f\u043e\u0440\u0442 02'), 3, 2, 1),
(49, STRINGDECODE('\u0417\u0430\u043b\u0456\u0437\u043d\u0438\u0447\u043d\u0438\u0439 \u0432\u043e\u043a\u0437\u0430\u043b 01'), 4, 1, 1),
(50, STRINGDECODE('\u0410\u0435\u0440\u043e\u043f\u043e\u0440\u0442 02'), 4, 2, 1),
(51, STRINGDECODE('\u0417\u0430\u043b\u0456\u0437\u043d\u0438\u0447\u043d\u0438\u0439 \u0432\u043e\u043a\u0437\u0430\u043b 01'), 4, 1, 1),
(52, STRINGDECODE('\u0410\u0435\u0440\u043e\u043f\u043e\u0440\u0442 02'), 4, 2, 1),
(53, STRINGDECODE('\u0417\u0430\u043b\u0456\u0437\u043d\u0438\u0447\u043d\u0438\u0439 \u0432\u043e\u043a\u0437\u0430\u043b 01'), 4, 1, 1),
(54, STRINGDECODE('\u0410\u0435\u0440\u043e\u043f\u043e\u0440\u0442 02'), 4, 2, 1),
(55, STRINGDECODE('\u0417\u0430\u043b\u0456\u0437\u043d\u0438\u0447\u043d\u0438\u0439 \u0432\u043e\u043a\u0437\u0430\u043b 01'), 4, 1, 1),
(56, STRINGDECODE('\u0410\u0435\u0440\u043e\u043f\u043e\u0440\u0442 02'), 4, 2, 1),
(57, STRINGDECODE('\u0417\u0430\u043b\u0456\u0437\u043d\u0438\u0447\u043d\u0438\u0439 \u0432\u043e\u043a\u0437\u0430\u043b 01'), 4, 1, 1),
(58, STRINGDECODE('\u0410\u0435\u0440\u043e\u043f\u043e\u0440\u0442 02'), 4, 2, 1),
(59, STRINGDECODE('\u0417\u0430\u043b\u0456\u0437\u043d\u0438\u0447\u043d\u0438\u0439 \u0432\u043e\u043a\u0437\u0430\u043b 01'), 4, 1, 1),
(60, STRINGDECODE('\u0410\u0435\u0440\u043e\u043f\u043e\u0440\u0442 02'), 4, 2, 1),
(61, STRINGDECODE('\u0417\u0430\u043b\u0456\u0437\u043d\u0438\u0447\u043d\u0438\u0439 \u0432\u043e\u043a\u0437\u0430\u043b 01'), 4, 1, 1),
(62, STRINGDECODE('\u0410\u0435\u0440\u043e\u043f\u043e\u0440\u0442 02'), 4, 2, 1),
(63, STRINGDECODE('\u0417\u0430\u043b\u0456\u0437\u043d\u0438\u0447\u043d\u0438\u0439 \u0432\u043e\u043a\u0437\u0430\u043b 01'), 4, 1, 1);

INSERT INTO PUBLIC.TRIP_STOP_TIMES(TRIP_ID, ARRIVAL, DEPARTURE, STOP_ID, STOPS_ORDER) VALUES
(1, TIME '06:00:00', TIME '06:00:20', 1, 0),
(1, TIME '06:01:14', TIME '06:01:34', 3, 1),
(1, TIME '06:03:17', TIME '06:03:37', 4, 2),
(1, TIME '06:04:24', TIME '06:04:44', 5, 3),
(1, TIME '06:06:13', TIME '06:06:33', 6, 4),
(1, TIME '06:07:47', TIME '06:08:07', 7, 5),
(1, TIME '06:10:02', TIME '06:10:22', 8, 6),
(1, TIME '06:10:50', TIME '06:11:10', 9, 7),
(1, TIME '06:12:08', TIME '06:12:28', 10, 8),
(1, TIME '06:13:45', TIME '06:14:05', 11, 9),
(1, TIME '06:15:12', TIME '06:15:32', 12, 10),
(1, TIME '06:16:13', TIME '06:16:33', 13, 11),
(1, TIME '06:17:40', TIME '06:18:00', 14, 12),
(1, TIME '06:20:10', TIME '06:20:30', 15, 13),
(1, TIME '06:22:26', TIME '06:22:46', 16, 14),
(1, TIME '06:24:12', TIME '06:24:32', 17, 15),
(1, TIME '06:25:59', TIME '06:26:19', 18, 16),
(1, TIME '06:27:38', TIME '06:27:58', 19, 17),
(1, TIME '06:29:25', TIME '06:29:45', 20, 18),
(2, TIME '06:40:00', TIME '06:40:20', 21, 0),
(2, TIME '06:42:08', TIME '06:42:28', 22, 1),
(2, TIME '06:44:00', TIME '06:44:20', 23, 2),
(2, TIME '06:44:56', TIME '06:45:16', 24, 3),
(2, TIME '06:47:21', TIME '06:47:41', 25, 4),
(2, TIME '06:49:34', TIME '06:49:54', 26, 5),
(2, TIME '06:50:34', TIME '06:50:54', 27, 6),
(2, TIME '06:51:31', TIME '06:51:51', 28, 7),
(2, TIME '06:52:33', TIME '06:52:53', 29, 8),
(2, TIME '06:53:41', TIME '06:54:01', 30, 9),
(2, TIME '07:02:29', TIME '07:02:49', 17, 10),
(2, TIME '07:13:13', TIME '07:13:33', 32, 11),
(2, TIME '07:15:41', TIME '07:16:01', 33, 12),
(2, TIME '07:17:08', TIME '07:17:28', 34, 13),
(2, TIME '07:18:46', TIME '07:19:06', 35, 14),
(2, TIME '07:20:06', TIME '07:20:26', 36, 15),
(2, TIME '07:21:59', TIME '07:22:19', 37, 16),
(2, TIME '07:23:07', TIME '07:23:27', 38, 17),
(3, TIME '08:00:00', TIME '08:00:20', 1, 0),
(3, TIME '08:01:14', TIME '08:01:34', 3, 1),
(3, TIME '08:03:17', TIME '08:03:37', 4, 2),
(3, TIME '08:04:24', TIME '08:04:44', 5, 3),
(3, TIME '08:06:13', TIME '08:06:33', 6, 4),
(3, TIME '08:07:47', TIME '08:08:07', 7, 5),
(3, TIME '08:10:02', TIME '08:10:22', 8, 6),
(3, TIME '08:10:50', TIME '08:11:10', 9, 7),
(3, TIME '08:12:08', TIME '08:12:28', 10, 8),
(3, TIME '08:13:45', TIME '08:14:05', 11, 9),
(3, TIME '08:15:12', TIME '08:15:32', 12, 10),
(3, TIME '08:16:13', TIME '08:16:33', 13, 11),
(3, TIME '08:17:40', TIME '08:18:00', 14, 12),
(3, TIME '08:20:10', TIME '08:20:30', 15, 13),
(3, TIME '08:22:26', TIME '08:22:46', 16, 14),
(3, TIME '08:24:12', TIME '08:24:32', 17, 15),
(3, TIME '08:25:59', TIME '08:26:19', 18, 16),
(3, TIME '08:27:38', TIME '08:27:58', 19, 17),
(3, TIME '08:29:25', TIME '08:29:45', 20, 18),
(4, TIME '08:40:00', TIME '08:40:20', 21, 0),
(4, TIME '08:42:08', TIME '08:42:28', 22, 1),
(4, TIME '08:44:00', TIME '08:44:20', 23, 2),
(4, TIME '08:44:56', TIME '08:45:16', 24, 3),
(4, TIME '08:47:21', TIME '08:47:41', 25, 4),
(4, TIME '08:49:34', TIME '08:49:54', 26, 5),
(4, TIME '08:50:34', TIME '08:50:54', 27, 6),
(4, TIME '08:51:31', TIME '08:51:51', 28, 7),
(4, TIME '08:52:33', TIME '08:52:53', 29, 8),
(4, TIME '08:53:41', TIME '08:54:01', 30, 9),
(4, TIME '09:02:29', TIME '09:02:49', 17, 10),
(4, TIME '09:13:13', TIME '09:13:33', 32, 11),
(4, TIME '09:15:41', TIME '09:16:01', 33, 12),
(4, TIME '09:17:08', TIME '09:17:28', 34, 13),
(4, TIME '09:18:46', TIME '09:19:06', 35, 14),
(4, TIME '09:20:06', TIME '09:20:26', 36, 15),
(4, TIME '09:21:59', TIME '09:22:19', 37, 16),
(4, TIME '09:23:07', TIME '09:23:27', 38, 17),
(5, TIME '10:00:00', TIME '10:00:20', 1, 0),
(5, TIME '10:01:14', TIME '10:01:34', 3, 1),
(5, TIME '10:03:17', TIME '10:03:37', 4, 2),
(5, TIME '10:04:24', TIME '10:04:44', 5, 3),
(5, TIME '10:06:13', TIME '10:06:33', 6, 4),
(5, TIME '10:07:47', TIME '10:08:07', 7, 5),
(5, TIME '10:10:02', TIME '10:10:22', 8, 6),
(5, TIME '10:10:50', TIME '10:11:10', 9, 7),
(5, TIME '10:12:08', TIME '10:12:28', 10, 8),
(5, TIME '10:13:45', TIME '10:14:05', 11, 9),
(5, TIME '10:15:12', TIME '10:15:32', 12, 10),
(5, TIME '10:16:13', TIME '10:16:33', 13, 11),
(5, TIME '10:17:40', TIME '10:18:00', 14, 12);
INSERT INTO PUBLIC.TRIP_STOP_TIMES(TRIP_ID, ARRIVAL, DEPARTURE, STOP_ID, STOPS_ORDER) VALUES
(5, TIME '10:20:10', TIME '10:20:30', 15, 13),
(5, TIME '10:22:26', TIME '10:22:46', 16, 14),
(5, TIME '10:24:12', TIME '10:24:32', 17, 15),
(5, TIME '10:25:59', TIME '10:26:19', 18, 16),
(5, TIME '10:27:38', TIME '10:27:58', 19, 17),
(5, TIME '10:29:25', TIME '10:29:45', 20, 18),
(6, TIME '10:40:00', TIME '10:40:20', 21, 0),
(6, TIME '10:42:08', TIME '10:42:28', 22, 1),
(6, TIME '10:44:00', TIME '10:44:20', 23, 2),
(6, TIME '10:44:56', TIME '10:45:16', 24, 3),
(6, TIME '10:47:21', TIME '10:47:41', 25, 4),
(6, TIME '10:49:34', TIME '10:49:54', 26, 5),
(6, TIME '10:50:34', TIME '10:50:54', 27, 6),
(6, TIME '10:51:31', TIME '10:51:51', 28, 7),
(6, TIME '10:52:33', TIME '10:52:53', 29, 8),
(6, TIME '10:53:41', TIME '10:54:01', 30, 9),
(6, TIME '11:02:29', TIME '11:02:49', 17, 10),
(6, TIME '11:13:13', TIME '11:13:33', 32, 11),
(6, TIME '11:15:41', TIME '11:16:01', 33, 12),
(6, TIME '11:17:08', TIME '11:17:28', 34, 13),
(6, TIME '11:18:46', TIME '11:19:06', 35, 14),
(6, TIME '11:20:06', TIME '11:20:26', 36, 15),
(6, TIME '11:21:59', TIME '11:22:19', 37, 16),
(6, TIME '11:23:07', TIME '11:23:27', 38, 17),
(7, TIME '12:00:00', TIME '12:00:20', 1, 0),
(7, TIME '12:01:14', TIME '12:01:34', 3, 1),
(7, TIME '12:03:17', TIME '12:03:37', 4, 2),
(7, TIME '12:04:24', TIME '12:04:44', 5, 3),
(7, TIME '12:06:13', TIME '12:06:33', 6, 4),
(7, TIME '12:07:47', TIME '12:08:07', 7, 5),
(7, TIME '12:10:02', TIME '12:10:22', 8, 6),
(7, TIME '12:10:50', TIME '12:11:10', 9, 7),
(7, TIME '12:12:08', TIME '12:12:28', 10, 8),
(7, TIME '12:13:45', TIME '12:14:05', 11, 9),
(7, TIME '12:15:12', TIME '12:15:32', 12, 10),
(7, TIME '12:16:13', TIME '12:16:33', 13, 11),
(7, TIME '12:17:40', TIME '12:18:00', 14, 12),
(7, TIME '12:20:10', TIME '12:20:30', 15, 13),
(7, TIME '12:22:26', TIME '12:22:46', 16, 14),
(7, TIME '12:24:12', TIME '12:24:32', 17, 15),
(7, TIME '12:25:59', TIME '12:26:19', 18, 16),
(7, TIME '12:27:38', TIME '12:27:58', 19, 17),
(7, TIME '12:29:25', TIME '12:29:45', 20, 18),
(8, TIME '12:40:00', TIME '12:40:20', 21, 0),
(8, TIME '12:42:08', TIME '12:42:28', 22, 1),
(8, TIME '12:44:00', TIME '12:44:20', 23, 2),
(8, TIME '12:44:56', TIME '12:45:16', 24, 3),
(8, TIME '12:47:21', TIME '12:47:41', 25, 4),
(8, TIME '12:49:34', TIME '12:49:54', 26, 5),
(8, TIME '12:50:34', TIME '12:50:54', 27, 6),
(8, TIME '12:51:31', TIME '12:51:51', 28, 7),
(8, TIME '12:52:33', TIME '12:52:53', 29, 8),
(8, TIME '12:53:41', TIME '12:54:01', 30, 9),
(8, TIME '13:02:29', TIME '13:02:49', 17, 10),
(8, TIME '13:13:13', TIME '13:13:33', 32, 11),
(8, TIME '13:15:41', TIME '13:16:01', 33, 12),
(8, TIME '13:17:08', TIME '13:17:28', 34, 13),
(8, TIME '13:18:46', TIME '13:19:06', 35, 14),
(8, TIME '13:20:06', TIME '13:20:26', 36, 15),
(8, TIME '13:21:59', TIME '13:22:19', 37, 16),
(8, TIME '13:23:07', TIME '13:23:27', 38, 17),
(9, TIME '14:00:00', TIME '14:00:20', 1, 0),
(9, TIME '14:01:14', TIME '14:01:34', 3, 1),
(9, TIME '14:03:17', TIME '14:03:37', 4, 2),
(9, TIME '14:04:24', TIME '14:04:44', 5, 3),
(9, TIME '14:06:13', TIME '14:06:33', 6, 4),
(9, TIME '14:07:47', TIME '14:08:07', 7, 5),
(9, TIME '14:10:02', TIME '14:10:22', 8, 6),
(9, TIME '14:10:50', TIME '14:11:10', 9, 7),
(9, TIME '14:12:08', TIME '14:12:28', 10, 8),
(9, TIME '14:13:45', TIME '14:14:05', 11, 9),
(9, TIME '14:15:12', TIME '14:15:32', 12, 10),
(9, TIME '14:16:13', TIME '14:16:33', 13, 11),
(9, TIME '14:17:40', TIME '14:18:00', 14, 12),
(9, TIME '14:20:10', TIME '14:20:30', 15, 13),
(9, TIME '14:22:26', TIME '14:22:46', 16, 14),
(9, TIME '14:24:12', TIME '14:24:32', 17, 15),
(9, TIME '14:25:59', TIME '14:26:19', 18, 16),
(9, TIME '14:27:38', TIME '14:27:58', 19, 17),
(9, TIME '14:29:25', TIME '14:29:45', 20, 18),
(10, TIME '14:40:00', TIME '14:40:20', 21, 0),
(10, TIME '14:42:08', TIME '14:42:28', 22, 1),
(10, TIME '14:44:00', TIME '14:44:20', 23, 2),
(10, TIME '14:44:56', TIME '14:45:16', 24, 3),
(10, TIME '14:47:21', TIME '14:47:41', 25, 4),
(10, TIME '14:49:34', TIME '14:49:54', 26, 5),
(10, TIME '14:50:34', TIME '14:50:54', 27, 6);
INSERT INTO PUBLIC.TRIP_STOP_TIMES(TRIP_ID, ARRIVAL, DEPARTURE, STOP_ID, STOPS_ORDER) VALUES
(10, TIME '14:51:31', TIME '14:51:51', 28, 7),
(10, TIME '14:52:33', TIME '14:52:53', 29, 8),
(10, TIME '14:53:41', TIME '14:54:01', 30, 9),
(10, TIME '15:02:29', TIME '15:02:49', 17, 10),
(10, TIME '15:13:13', TIME '15:13:33', 32, 11),
(10, TIME '15:15:41', TIME '15:16:01', 33, 12),
(10, TIME '15:17:08', TIME '15:17:28', 34, 13),
(10, TIME '15:18:46', TIME '15:19:06', 35, 14),
(10, TIME '15:20:06', TIME '15:20:26', 36, 15),
(10, TIME '15:21:59', TIME '15:22:19', 37, 16),
(10, TIME '15:23:07', TIME '15:23:27', 38, 17),
(11, TIME '16:00:00', TIME '16:00:20', 1, 0),
(11, TIME '16:01:14', TIME '16:01:34', 3, 1),
(11, TIME '16:03:17', TIME '16:03:37', 4, 2),
(11, TIME '16:04:24', TIME '16:04:44', 5, 3),
(11, TIME '16:06:13', TIME '16:06:33', 6, 4),
(11, TIME '16:07:47', TIME '16:08:07', 7, 5),
(11, TIME '16:10:02', TIME '16:10:22', 8, 6),
(11, TIME '16:10:50', TIME '16:11:10', 9, 7),
(11, TIME '16:12:08', TIME '16:12:28', 10, 8),
(11, TIME '16:13:45', TIME '16:14:05', 11, 9),
(11, TIME '16:15:12', TIME '16:15:32', 12, 10),
(11, TIME '16:16:13', TIME '16:16:33', 13, 11),
(11, TIME '16:17:40', TIME '16:18:00', 14, 12),
(11, TIME '16:20:10', TIME '16:20:30', 15, 13),
(11, TIME '16:22:26', TIME '16:22:46', 16, 14),
(11, TIME '16:24:12', TIME '16:24:32', 17, 15),
(11, TIME '16:25:59', TIME '16:26:19', 18, 16),
(11, TIME '16:27:38', TIME '16:27:58', 19, 17),
(11, TIME '16:29:25', TIME '16:29:45', 20, 18),
(12, TIME '16:40:00', TIME '16:40:20', 21, 0),
(12, TIME '16:42:08', TIME '16:42:28', 22, 1),
(12, TIME '16:44:00', TIME '16:44:20', 23, 2),
(12, TIME '16:44:56', TIME '16:45:16', 24, 3),
(12, TIME '16:47:21', TIME '16:47:41', 25, 4),
(12, TIME '16:49:34', TIME '16:49:54', 26, 5),
(12, TIME '16:50:34', TIME '16:50:54', 27, 6),
(12, TIME '16:51:31', TIME '16:51:51', 28, 7),
(12, TIME '16:52:33', TIME '16:52:53', 29, 8),
(12, TIME '16:53:41', TIME '16:54:01', 30, 9),
(12, TIME '17:02:29', TIME '17:02:49', 17, 10),
(12, TIME '17:13:13', TIME '17:13:33', 32, 11),
(12, TIME '17:15:41', TIME '17:16:01', 33, 12),
(12, TIME '17:17:08', TIME '17:17:28', 34, 13),
(12, TIME '17:18:46', TIME '17:19:06', 35, 14),
(12, TIME '17:20:06', TIME '17:20:26', 36, 15),
(12, TIME '17:21:59', TIME '17:22:19', 37, 16),
(12, TIME '17:23:07', TIME '17:23:27', 38, 17),
(13, TIME '18:00:00', TIME '18:00:20', 1, 0),
(13, TIME '18:01:14', TIME '18:01:34', 3, 1),
(13, TIME '18:03:17', TIME '18:03:37', 4, 2),
(13, TIME '18:04:24', TIME '18:04:44', 5, 3),
(13, TIME '18:06:13', TIME '18:06:33', 6, 4),
(13, TIME '18:07:47', TIME '18:08:07', 7, 5),
(13, TIME '18:10:02', TIME '18:10:22', 8, 6),
(13, TIME '18:10:50', TIME '18:11:10', 9, 7),
(13, TIME '18:12:08', TIME '18:12:28', 10, 8),
(13, TIME '18:13:45', TIME '18:14:05', 11, 9),
(13, TIME '18:15:12', TIME '18:15:32', 12, 10),
(13, TIME '18:16:13', TIME '18:16:33', 13, 11),
(13, TIME '18:17:40', TIME '18:18:00', 14, 12),
(13, TIME '18:20:10', TIME '18:20:30', 15, 13),
(13, TIME '18:22:26', TIME '18:22:46', 16, 14),
(13, TIME '18:24:12', TIME '18:24:32', 17, 15),
(13, TIME '18:25:59', TIME '18:26:19', 18, 16),
(13, TIME '18:27:38', TIME '18:27:58', 19, 17),
(13, TIME '18:29:25', TIME '18:29:45', 20, 18),
(14, TIME '18:40:00', TIME '18:40:20', 21, 0),
(14, TIME '18:42:08', TIME '18:42:28', 22, 1),
(14, TIME '18:44:00', TIME '18:44:20', 23, 2),
(14, TIME '18:44:56', TIME '18:45:16', 24, 3),
(14, TIME '18:47:21', TIME '18:47:41', 25, 4),
(14, TIME '18:49:34', TIME '18:49:54', 26, 5),
(14, TIME '18:50:34', TIME '18:50:54', 27, 6),
(14, TIME '18:51:31', TIME '18:51:51', 28, 7),
(14, TIME '18:52:33', TIME '18:52:53', 29, 8),
(14, TIME '18:53:41', TIME '18:54:01', 30, 9),
(14, TIME '19:02:29', TIME '19:02:49', 17, 10),
(14, TIME '19:13:13', TIME '19:13:33', 32, 11),
(14, TIME '19:15:41', TIME '19:16:01', 33, 12),
(14, TIME '19:17:08', TIME '19:17:28', 34, 13),
(14, TIME '19:18:46', TIME '19:19:06', 35, 14),
(14, TIME '19:20:06', TIME '19:20:26', 36, 15),
(14, TIME '19:21:59', TIME '19:22:19', 37, 16),
(14, TIME '19:23:07', TIME '19:23:27', 38, 17);
INSERT INTO PUBLIC.TRIP_STOP_TIMES(TRIP_ID, ARRIVAL, DEPARTURE, STOP_ID, STOPS_ORDER) VALUES
(15, TIME '20:00:00', TIME '20:00:20', 1, 0),
(15, TIME '20:01:14', TIME '20:01:34', 3, 1),
(15, TIME '20:03:17', TIME '20:03:37', 4, 2),
(15, TIME '20:04:24', TIME '20:04:44', 5, 3),
(15, TIME '20:06:13', TIME '20:06:33', 6, 4),
(15, TIME '20:07:47', TIME '20:08:07', 7, 5),
(15, TIME '20:10:02', TIME '20:10:22', 8, 6),
(15, TIME '20:10:50', TIME '20:11:10', 9, 7),
(15, TIME '20:12:08', TIME '20:12:28', 10, 8),
(15, TIME '20:13:45', TIME '20:14:05', 11, 9),
(15, TIME '20:15:12', TIME '20:15:32', 12, 10),
(15, TIME '20:16:13', TIME '20:16:33', 13, 11),
(15, TIME '20:17:40', TIME '20:18:00', 14, 12),
(15, TIME '20:20:10', TIME '20:20:30', 15, 13),
(15, TIME '20:22:26', TIME '20:22:46', 16, 14),
(15, TIME '20:24:12', TIME '20:24:32', 17, 15),
(15, TIME '20:25:59', TIME '20:26:19', 18, 16),
(15, TIME '20:27:38', TIME '20:27:58', 19, 17),
(15, TIME '20:29:25', TIME '20:29:45', 20, 18),
(16, TIME '20:40:00', TIME '20:40:20', 21, 0),
(16, TIME '20:42:08', TIME '20:42:28', 22, 1),
(16, TIME '20:44:00', TIME '20:44:20', 23, 2),
(16, TIME '20:44:56', TIME '20:45:16', 24, 3),
(16, TIME '20:47:21', TIME '20:47:41', 25, 4),
(16, TIME '20:49:34', TIME '20:49:54', 26, 5),
(16, TIME '20:50:34', TIME '20:50:54', 27, 6),
(16, TIME '20:51:31', TIME '20:51:51', 28, 7),
(16, TIME '20:52:33', TIME '20:52:53', 29, 8),
(16, TIME '20:53:41', TIME '20:54:01', 30, 9),
(16, TIME '21:02:29', TIME '21:02:49', 17, 10),
(16, TIME '21:13:13', TIME '21:13:33', 32, 11),
(16, TIME '21:15:41', TIME '21:16:01', 33, 12),
(16, TIME '21:17:08', TIME '21:17:28', 34, 13),
(16, TIME '21:18:46', TIME '21:19:06', 35, 14),
(16, TIME '21:20:06', TIME '21:20:26', 36, 15),
(16, TIME '21:21:59', TIME '21:22:19', 37, 16),
(16, TIME '21:23:07', TIME '21:23:27', 38, 17),
(17, TIME '06:30:00', TIME '06:30:20', 1, 0),
(17, TIME '06:31:14', TIME '06:31:34', 3, 1),
(17, TIME '06:33:17', TIME '06:33:37', 4, 2),
(17, TIME '06:34:24', TIME '06:34:44', 5, 3),
(17, TIME '06:36:13', TIME '06:36:33', 6, 4),
(17, TIME '06:37:47', TIME '06:38:07', 7, 5),
(17, TIME '06:40:02', TIME '06:40:22', 8, 6),
(17, TIME '06:40:50', TIME '06:41:10', 9, 7),
(17, TIME '06:42:08', TIME '06:42:28', 10, 8),
(17, TIME '06:43:45', TIME '06:44:05', 11, 9),
(17, TIME '06:45:12', TIME '06:45:32', 12, 10),
(17, TIME '06:46:13', TIME '06:46:33', 13, 11),
(17, TIME '06:47:40', TIME '06:48:00', 14, 12),
(17, TIME '06:50:10', TIME '06:50:30', 15, 13),
(17, TIME '06:52:26', TIME '06:52:46', 16, 14),
(17, TIME '06:54:12', TIME '06:54:32', 17, 15),
(17, TIME '06:55:59', TIME '06:56:19', 18, 16),
(17, TIME '06:57:38', TIME '06:57:58', 19, 17),
(17, TIME '06:59:25', TIME '06:59:45', 20, 18),
(18, TIME '07:10:00', TIME '07:10:20', 21, 0),
(18, TIME '07:12:08', TIME '07:12:28', 22, 1),
(18, TIME '07:14:00', TIME '07:14:20', 23, 2),
(18, TIME '07:14:56', TIME '07:15:16', 24, 3),
(18, TIME '07:17:21', TIME '07:17:41', 25, 4),
(18, TIME '07:19:34', TIME '07:19:54', 26, 5),
(18, TIME '07:20:34', TIME '07:20:54', 27, 6),
(18, TIME '07:21:31', TIME '07:21:51', 28, 7),
(18, TIME '07:22:33', TIME '07:22:53', 29, 8),
(18, TIME '07:23:41', TIME '07:24:01', 30, 9),
(18, TIME '07:32:29', TIME '07:32:49', 17, 10),
(18, TIME '07:43:13', TIME '07:43:33', 32, 11),
(18, TIME '07:45:41', TIME '07:46:01', 33, 12),
(18, TIME '07:47:08', TIME '07:47:28', 34, 13),
(18, TIME '07:48:46', TIME '07:49:06', 35, 14),
(18, TIME '07:50:06', TIME '07:50:26', 36, 15),
(18, TIME '07:51:59', TIME '07:52:19', 37, 16),
(18, TIME '07:53:07', TIME '07:53:27', 38, 17),
(19, TIME '08:30:00', TIME '08:30:20', 1, 0),
(19, TIME '08:31:14', TIME '08:31:34', 3, 1),
(19, TIME '08:33:17', TIME '08:33:37', 4, 2),
(19, TIME '08:34:24', TIME '08:34:44', 5, 3),
(19, TIME '08:36:13', TIME '08:36:33', 6, 4),
(19, TIME '08:37:47', TIME '08:38:07', 7, 5),
(19, TIME '08:40:02', TIME '08:40:22', 8, 6),
(19, TIME '08:40:50', TIME '08:41:10', 9, 7),
(19, TIME '08:42:08', TIME '08:42:28', 10, 8),
(19, TIME '08:43:45', TIME '08:44:05', 11, 9),
(19, TIME '08:45:12', TIME '08:45:32', 12, 10);
INSERT INTO PUBLIC.TRIP_STOP_TIMES(TRIP_ID, ARRIVAL, DEPARTURE, STOP_ID, STOPS_ORDER) VALUES
(19, TIME '08:46:13', TIME '08:46:33', 13, 11),
(19, TIME '08:47:40', TIME '08:48:00', 14, 12),
(19, TIME '08:50:10', TIME '08:50:30', 15, 13),
(19, TIME '08:52:26', TIME '08:52:46', 16, 14),
(19, TIME '08:54:12', TIME '08:54:32', 17, 15),
(19, TIME '08:55:59', TIME '08:56:19', 18, 16),
(19, TIME '08:57:38', TIME '08:57:58', 19, 17),
(19, TIME '08:59:25', TIME '08:59:45', 20, 18),
(20, TIME '09:10:00', TIME '09:10:20', 21, 0),
(20, TIME '09:12:08', TIME '09:12:28', 22, 1),
(20, TIME '09:14:00', TIME '09:14:20', 23, 2),
(20, TIME '09:14:56', TIME '09:15:16', 24, 3),
(20, TIME '09:17:21', TIME '09:17:41', 25, 4),
(20, TIME '09:19:34', TIME '09:19:54', 26, 5),
(20, TIME '09:20:34', TIME '09:20:54', 27, 6),
(20, TIME '09:21:31', TIME '09:21:51', 28, 7),
(20, TIME '09:22:33', TIME '09:22:53', 29, 8),
(20, TIME '09:23:41', TIME '09:24:01', 30, 9),
(20, TIME '09:32:29', TIME '09:32:49', 17, 10),
(20, TIME '09:43:13', TIME '09:43:33', 32, 11),
(20, TIME '09:45:41', TIME '09:46:01', 33, 12),
(20, TIME '09:47:08', TIME '09:47:28', 34, 13),
(20, TIME '09:48:46', TIME '09:49:06', 35, 14),
(20, TIME '09:50:06', TIME '09:50:26', 36, 15),
(20, TIME '09:51:59', TIME '09:52:19', 37, 16),
(20, TIME '09:53:07', TIME '09:53:27', 38, 17),
(21, TIME '10:30:00', TIME '10:30:20', 1, 0),
(21, TIME '10:31:14', TIME '10:31:34', 3, 1),
(21, TIME '10:33:17', TIME '10:33:37', 4, 2),
(21, TIME '10:34:24', TIME '10:34:44', 5, 3),
(21, TIME '10:36:13', TIME '10:36:33', 6, 4),
(21, TIME '10:37:47', TIME '10:38:07', 7, 5),
(21, TIME '10:40:02', TIME '10:40:22', 8, 6),
(21, TIME '10:40:50', TIME '10:41:10', 9, 7),
(21, TIME '10:42:08', TIME '10:42:28', 10, 8),
(21, TIME '10:43:45', TIME '10:44:05', 11, 9),
(21, TIME '10:45:12', TIME '10:45:32', 12, 10),
(21, TIME '10:46:13', TIME '10:46:33', 13, 11),
(21, TIME '10:47:40', TIME '10:48:00', 14, 12),
(21, TIME '10:50:10', TIME '10:50:30', 15, 13),
(21, TIME '10:52:26', TIME '10:52:46', 16, 14),
(21, TIME '10:54:12', TIME '10:54:32', 17, 15),
(21, TIME '10:55:59', TIME '10:56:19', 18, 16),
(21, TIME '10:57:38', TIME '10:57:58', 19, 17),
(21, TIME '10:59:25', TIME '10:59:45', 20, 18),
(22, TIME '11:10:00', TIME '11:10:20', 21, 0),
(22, TIME '11:12:08', TIME '11:12:28', 22, 1),
(22, TIME '11:14:00', TIME '11:14:20', 23, 2),
(22, TIME '11:14:56', TIME '11:15:16', 24, 3),
(22, TIME '11:17:21', TIME '11:17:41', 25, 4),
(22, TIME '11:19:34', TIME '11:19:54', 26, 5),
(22, TIME '11:20:34', TIME '11:20:54', 27, 6),
(22, TIME '11:21:31', TIME '11:21:51', 28, 7),
(22, TIME '11:22:33', TIME '11:22:53', 29, 8),
(22, TIME '11:23:41', TIME '11:24:01', 30, 9),
(22, TIME '11:32:29', TIME '11:32:49', 17, 10),
(22, TIME '11:43:13', TIME '11:43:33', 32, 11),
(22, TIME '11:45:41', TIME '11:46:01', 33, 12),
(22, TIME '11:47:08', TIME '11:47:28', 34, 13),
(22, TIME '11:48:46', TIME '11:49:06', 35, 14),
(22, TIME '11:50:06', TIME '11:50:26', 36, 15),
(22, TIME '11:51:59', TIME '11:52:19', 37, 16),
(22, TIME '11:53:07', TIME '11:53:27', 38, 17),
(23, TIME '12:30:00', TIME '12:30:20', 1, 0),
(23, TIME '12:31:14', TIME '12:31:34', 3, 1),
(23, TIME '12:33:17', TIME '12:33:37', 4, 2),
(23, TIME '12:34:24', TIME '12:34:44', 5, 3),
(23, TIME '12:36:13', TIME '12:36:33', 6, 4),
(23, TIME '12:37:47', TIME '12:38:07', 7, 5),
(23, TIME '12:40:02', TIME '12:40:22', 8, 6),
(23, TIME '12:40:50', TIME '12:41:10', 9, 7),
(23, TIME '12:42:08', TIME '12:42:28', 10, 8),
(23, TIME '12:43:45', TIME '12:44:05', 11, 9),
(23, TIME '12:45:12', TIME '12:45:32', 12, 10),
(23, TIME '12:46:13', TIME '12:46:33', 13, 11),
(23, TIME '12:47:40', TIME '12:48:00', 14, 12),
(23, TIME '12:50:10', TIME '12:50:30', 15, 13),
(23, TIME '12:52:26', TIME '12:52:46', 16, 14),
(23, TIME '12:54:12', TIME '12:54:32', 17, 15),
(23, TIME '12:55:59', TIME '12:56:19', 18, 16),
(23, TIME '12:57:38', TIME '12:57:58', 19, 17),
(23, TIME '12:59:25', TIME '12:59:45', 20, 18),
(24, TIME '13:10:00', TIME '13:10:20', 21, 0),
(24, TIME '13:12:08', TIME '13:12:28', 22, 1),
(24, TIME '13:14:00', TIME '13:14:20', 23, 2);
INSERT INTO PUBLIC.TRIP_STOP_TIMES(TRIP_ID, ARRIVAL, DEPARTURE, STOP_ID, STOPS_ORDER) VALUES
(24, TIME '13:14:56', TIME '13:15:16', 24, 3),
(24, TIME '13:17:21', TIME '13:17:41', 25, 4),
(24, TIME '13:19:34', TIME '13:19:54', 26, 5),
(24, TIME '13:20:34', TIME '13:20:54', 27, 6),
(24, TIME '13:21:31', TIME '13:21:51', 28, 7),
(24, TIME '13:22:33', TIME '13:22:53', 29, 8),
(24, TIME '13:23:41', TIME '13:24:01', 30, 9),
(24, TIME '13:32:29', TIME '13:32:49', 17, 10),
(24, TIME '13:43:13', TIME '13:43:33', 32, 11),
(24, TIME '13:45:41', TIME '13:46:01', 33, 12),
(24, TIME '13:47:08', TIME '13:47:28', 34, 13),
(24, TIME '13:48:46', TIME '13:49:06', 35, 14),
(24, TIME '13:50:06', TIME '13:50:26', 36, 15),
(24, TIME '13:51:59', TIME '13:52:19', 37, 16),
(24, TIME '13:53:07', TIME '13:53:27', 38, 17),
(25, TIME '14:30:00', TIME '14:30:20', 1, 0),
(25, TIME '14:31:14', TIME '14:31:34', 3, 1),
(25, TIME '14:33:17', TIME '14:33:37', 4, 2),
(25, TIME '14:34:24', TIME '14:34:44', 5, 3),
(25, TIME '14:36:13', TIME '14:36:33', 6, 4),
(25, TIME '14:37:47', TIME '14:38:07', 7, 5),
(25, TIME '14:40:02', TIME '14:40:22', 8, 6),
(25, TIME '14:40:50', TIME '14:41:10', 9, 7),
(25, TIME '14:42:08', TIME '14:42:28', 10, 8),
(25, TIME '14:43:45', TIME '14:44:05', 11, 9),
(25, TIME '14:45:12', TIME '14:45:32', 12, 10),
(25, TIME '14:46:13', TIME '14:46:33', 13, 11),
(25, TIME '14:47:40', TIME '14:48:00', 14, 12),
(25, TIME '14:50:10', TIME '14:50:30', 15, 13),
(25, TIME '14:52:26', TIME '14:52:46', 16, 14),
(25, TIME '14:54:12', TIME '14:54:32', 17, 15),
(25, TIME '14:55:59', TIME '14:56:19', 18, 16),
(25, TIME '14:57:38', TIME '14:57:58', 19, 17),
(25, TIME '14:59:25', TIME '14:59:45', 20, 18),
(26, TIME '15:10:00', TIME '15:10:20', 21, 0),
(26, TIME '15:12:08', TIME '15:12:28', 22, 1),
(26, TIME '15:14:00', TIME '15:14:20', 23, 2),
(26, TIME '15:14:56', TIME '15:15:16', 24, 3),
(26, TIME '15:17:21', TIME '15:17:41', 25, 4),
(26, TIME '15:19:34', TIME '15:19:54', 26, 5),
(26, TIME '15:20:34', TIME '15:20:54', 27, 6),
(26, TIME '15:21:31', TIME '15:21:51', 28, 7),
(26, TIME '15:22:33', TIME '15:22:53', 29, 8),
(26, TIME '15:23:41', TIME '15:24:01', 30, 9),
(26, TIME '15:32:29', TIME '15:32:49', 17, 10),
(26, TIME '15:43:13', TIME '15:43:33', 32, 11),
(26, TIME '15:45:41', TIME '15:46:01', 33, 12),
(26, TIME '15:47:08', TIME '15:47:28', 34, 13),
(26, TIME '15:48:46', TIME '15:49:06', 35, 14),
(26, TIME '15:50:06', TIME '15:50:26', 36, 15),
(26, TIME '15:51:59', TIME '15:52:19', 37, 16),
(26, TIME '15:53:07', TIME '15:53:27', 38, 17),
(27, TIME '16:30:00', TIME '16:30:20', 1, 0),
(27, TIME '16:31:14', TIME '16:31:34', 3, 1),
(27, TIME '16:33:17', TIME '16:33:37', 4, 2),
(27, TIME '16:34:24', TIME '16:34:44', 5, 3),
(27, TIME '16:36:13', TIME '16:36:33', 6, 4),
(27, TIME '16:37:47', TIME '16:38:07', 7, 5),
(27, TIME '16:40:02', TIME '16:40:22', 8, 6),
(27, TIME '16:40:50', TIME '16:41:10', 9, 7),
(27, TIME '16:42:08', TIME '16:42:28', 10, 8),
(27, TIME '16:43:45', TIME '16:44:05', 11, 9),
(27, TIME '16:45:12', TIME '16:45:32', 12, 10),
(27, TIME '16:46:13', TIME '16:46:33', 13, 11),
(27, TIME '16:47:40', TIME '16:48:00', 14, 12),
(27, TIME '16:50:10', TIME '16:50:30', 15, 13),
(27, TIME '16:52:26', TIME '16:52:46', 16, 14),
(27, TIME '16:54:12', TIME '16:54:32', 17, 15),
(27, TIME '16:55:59', TIME '16:56:19', 18, 16),
(27, TIME '16:57:38', TIME '16:57:58', 19, 17),
(27, TIME '16:59:25', TIME '16:59:45', 20, 18),
(28, TIME '17:10:00', TIME '17:10:20', 21, 0),
(28, TIME '17:12:08', TIME '17:12:28', 22, 1),
(28, TIME '17:14:00', TIME '17:14:20', 23, 2),
(28, TIME '17:14:56', TIME '17:15:16', 24, 3),
(28, TIME '17:17:21', TIME '17:17:41', 25, 4),
(28, TIME '17:19:34', TIME '17:19:54', 26, 5),
(28, TIME '17:20:34', TIME '17:20:54', 27, 6),
(28, TIME '17:21:31', TIME '17:21:51', 28, 7),
(28, TIME '17:22:33', TIME '17:22:53', 29, 8),
(28, TIME '17:23:41', TIME '17:24:01', 30, 9),
(28, TIME '17:32:29', TIME '17:32:49', 17, 10),
(28, TIME '17:43:13', TIME '17:43:33', 32, 11),
(28, TIME '17:45:41', TIME '17:46:01', 33, 12),
(28, TIME '17:47:08', TIME '17:47:28', 34, 13);
INSERT INTO PUBLIC.TRIP_STOP_TIMES(TRIP_ID, ARRIVAL, DEPARTURE, STOP_ID, STOPS_ORDER) VALUES
(28, TIME '17:48:46', TIME '17:49:06', 35, 14),
(28, TIME '17:50:06', TIME '17:50:26', 36, 15),
(28, TIME '17:51:59', TIME '17:52:19', 37, 16),
(28, TIME '17:53:07', TIME '17:53:27', 38, 17),
(29, TIME '18:30:00', TIME '18:30:20', 1, 0),
(29, TIME '18:31:14', TIME '18:31:34', 3, 1),
(29, TIME '18:33:17', TIME '18:33:37', 4, 2),
(29, TIME '18:34:24', TIME '18:34:44', 5, 3),
(29, TIME '18:36:13', TIME '18:36:33', 6, 4),
(29, TIME '18:37:47', TIME '18:38:07', 7, 5),
(29, TIME '18:40:02', TIME '18:40:22', 8, 6),
(29, TIME '18:40:50', TIME '18:41:10', 9, 7),
(29, TIME '18:42:08', TIME '18:42:28', 10, 8),
(29, TIME '18:43:45', TIME '18:44:05', 11, 9),
(29, TIME '18:45:12', TIME '18:45:32', 12, 10),
(29, TIME '18:46:13', TIME '18:46:33', 13, 11),
(29, TIME '18:47:40', TIME '18:48:00', 14, 12),
(29, TIME '18:50:10', TIME '18:50:30', 15, 13),
(29, TIME '18:52:26', TIME '18:52:46', 16, 14),
(29, TIME '18:54:12', TIME '18:54:32', 17, 15),
(29, TIME '18:55:59', TIME '18:56:19', 18, 16),
(29, TIME '18:57:38', TIME '18:57:58', 19, 17),
(29, TIME '18:59:25', TIME '18:59:45', 20, 18),
(30, TIME '19:10:00', TIME '19:10:20', 21, 0),
(30, TIME '19:12:08', TIME '19:12:28', 22, 1),
(30, TIME '19:14:00', TIME '19:14:20', 23, 2),
(30, TIME '19:14:56', TIME '19:15:16', 24, 3),
(30, TIME '19:17:21', TIME '19:17:41', 25, 4),
(30, TIME '19:19:34', TIME '19:19:54', 26, 5),
(30, TIME '19:20:34', TIME '19:20:54', 27, 6),
(30, TIME '19:21:31', TIME '19:21:51', 28, 7),
(30, TIME '19:22:33', TIME '19:22:53', 29, 8),
(30, TIME '19:23:41', TIME '19:24:01', 30, 9),
(30, TIME '19:32:29', TIME '19:32:49', 17, 10),
(30, TIME '19:43:13', TIME '19:43:33', 32, 11),
(30, TIME '19:45:41', TIME '19:46:01', 33, 12),
(30, TIME '19:47:08', TIME '19:47:28', 34, 13),
(30, TIME '19:48:46', TIME '19:49:06', 35, 14),
(30, TIME '19:50:06', TIME '19:50:26', 36, 15),
(30, TIME '19:51:59', TIME '19:52:19', 37, 16),
(30, TIME '19:53:07', TIME '19:53:27', 38, 17),
(31, TIME '20:30:00', TIME '20:30:20', 1, 0),
(31, TIME '20:31:14', TIME '20:31:34', 3, 1),
(31, TIME '20:33:17', TIME '20:33:37', 4, 2),
(31, TIME '20:34:24', TIME '20:34:44', 5, 3),
(31, TIME '20:36:13', TIME '20:36:33', 6, 4),
(31, TIME '20:37:47', TIME '20:38:07', 7, 5),
(31, TIME '20:40:02', TIME '20:40:22', 8, 6),
(31, TIME '20:40:50', TIME '20:41:10', 9, 7),
(31, TIME '20:42:08', TIME '20:42:28', 10, 8),
(31, TIME '20:43:45', TIME '20:44:05', 11, 9),
(31, TIME '20:45:12', TIME '20:45:32', 12, 10),
(31, TIME '20:46:13', TIME '20:46:33', 13, 11),
(31, TIME '20:47:40', TIME '20:48:00', 14, 12),
(31, TIME '20:50:10', TIME '20:50:30', 15, 13),
(31, TIME '20:52:26', TIME '20:52:46', 16, 14),
(31, TIME '20:54:12', TIME '20:54:32', 17, 15),
(31, TIME '20:55:59', TIME '20:56:19', 18, 16),
(31, TIME '20:57:38', TIME '20:57:58', 19, 17),
(31, TIME '20:59:25', TIME '20:59:45', 20, 18),
(32, TIME '21:10:00', TIME '21:10:20', 21, 0),
(32, TIME '21:12:08', TIME '21:12:28', 22, 1),
(32, TIME '21:14:00', TIME '21:14:20', 23, 2),
(32, TIME '21:14:56', TIME '21:15:16', 24, 3),
(32, TIME '21:17:21', TIME '21:17:41', 25, 4),
(32, TIME '21:19:34', TIME '21:19:54', 26, 5),
(32, TIME '21:20:34', TIME '21:20:54', 27, 6),
(32, TIME '21:21:31', TIME '21:21:51', 28, 7),
(32, TIME '21:22:33', TIME '21:22:53', 29, 8),
(32, TIME '21:23:41', TIME '21:24:01', 30, 9),
(32, TIME '21:32:29', TIME '21:32:49', 17, 10),
(32, TIME '21:43:13', TIME '21:43:33', 32, 11),
(32, TIME '21:45:41', TIME '21:46:01', 33, 12),
(32, TIME '21:47:08', TIME '21:47:28', 34, 13),
(32, TIME '21:48:46', TIME '21:49:06', 35, 14),
(32, TIME '21:50:06', TIME '21:50:26', 36, 15),
(32, TIME '21:51:59', TIME '21:52:19', 37, 16),
(32, TIME '21:53:07', TIME '21:53:27', 38, 17),
(33, TIME '07:00:00', TIME '07:00:20', 1, 0),
(33, TIME '07:01:14', TIME '07:01:34', 3, 1),
(33, TIME '07:03:17', TIME '07:03:37', 4, 2),
(33, TIME '07:04:24', TIME '07:04:44', 5, 3),
(33, TIME '07:06:13', TIME '07:06:33', 6, 4),
(33, TIME '07:07:47', TIME '07:08:07', 7, 5),
(33, TIME '07:10:02', TIME '07:10:22', 8, 6);
INSERT INTO PUBLIC.TRIP_STOP_TIMES(TRIP_ID, ARRIVAL, DEPARTURE, STOP_ID, STOPS_ORDER) VALUES
(33, TIME '07:10:50', TIME '07:11:10', 9, 7),
(33, TIME '07:12:08', TIME '07:12:28', 10, 8),
(33, TIME '07:13:45', TIME '07:14:05', 11, 9),
(33, TIME '07:15:12', TIME '07:15:32', 12, 10),
(33, TIME '07:16:13', TIME '07:16:33', 13, 11),
(33, TIME '07:17:40', TIME '07:18:00', 14, 12),
(33, TIME '07:20:10', TIME '07:20:30', 15, 13),
(33, TIME '07:22:26', TIME '07:22:46', 16, 14),
(33, TIME '07:24:12', TIME '07:24:32', 17, 15),
(33, TIME '07:25:59', TIME '07:26:19', 18, 16),
(33, TIME '07:27:38', TIME '07:27:58', 19, 17),
(33, TIME '07:29:25', TIME '07:29:45', 20, 18),
(34, TIME '07:40:00', TIME '07:40:20', 21, 0),
(34, TIME '07:42:08', TIME '07:42:28', 22, 1),
(34, TIME '07:44:00', TIME '07:44:20', 23, 2),
(34, TIME '07:44:56', TIME '07:45:16', 24, 3),
(34, TIME '07:47:21', TIME '07:47:41', 25, 4),
(34, TIME '07:49:34', TIME '07:49:54', 26, 5),
(34, TIME '07:50:34', TIME '07:50:54', 27, 6),
(34, TIME '07:51:31', TIME '07:51:51', 28, 7),
(34, TIME '07:52:33', TIME '07:52:53', 29, 8),
(34, TIME '07:53:41', TIME '07:54:01', 30, 9),
(34, TIME '08:02:29', TIME '08:02:49', 17, 10),
(34, TIME '08:13:13', TIME '08:13:33', 32, 11),
(34, TIME '08:15:41', TIME '08:16:01', 33, 12),
(34, TIME '08:17:08', TIME '08:17:28', 34, 13),
(34, TIME '08:18:46', TIME '08:19:06', 35, 14),
(34, TIME '08:20:06', TIME '08:20:26', 36, 15),
(34, TIME '08:21:59', TIME '08:22:19', 37, 16),
(34, TIME '08:23:07', TIME '08:23:27', 38, 17),
(35, TIME '09:00:00', TIME '09:00:20', 1, 0),
(35, TIME '09:01:14', TIME '09:01:34', 3, 1),
(35, TIME '09:03:17', TIME '09:03:37', 4, 2),
(35, TIME '09:04:24', TIME '09:04:44', 5, 3),
(35, TIME '09:06:13', TIME '09:06:33', 6, 4),
(35, TIME '09:07:47', TIME '09:08:07', 7, 5),
(35, TIME '09:10:02', TIME '09:10:22', 8, 6),
(35, TIME '09:10:50', TIME '09:11:10', 9, 7),
(35, TIME '09:12:08', TIME '09:12:28', 10, 8),
(35, TIME '09:13:45', TIME '09:14:05', 11, 9),
(35, TIME '09:15:12', TIME '09:15:32', 12, 10),
(35, TIME '09:16:13', TIME '09:16:33', 13, 11),
(35, TIME '09:17:40', TIME '09:18:00', 14, 12),
(35, TIME '09:20:10', TIME '09:20:30', 15, 13),
(35, TIME '09:22:26', TIME '09:22:46', 16, 14),
(35, TIME '09:24:12', TIME '09:24:32', 17, 15),
(35, TIME '09:25:59', TIME '09:26:19', 18, 16),
(35, TIME '09:27:38', TIME '09:27:58', 19, 17),
(35, TIME '09:29:25', TIME '09:29:45', 20, 18),
(36, TIME '09:40:00', TIME '09:40:20', 21, 0),
(36, TIME '09:42:08', TIME '09:42:28', 22, 1),
(36, TIME '09:44:00', TIME '09:44:20', 23, 2),
(36, TIME '09:44:56', TIME '09:45:16', 24, 3),
(36, TIME '09:47:21', TIME '09:47:41', 25, 4),
(36, TIME '09:49:34', TIME '09:49:54', 26, 5),
(36, TIME '09:50:34', TIME '09:50:54', 27, 6),
(36, TIME '09:51:31', TIME '09:51:51', 28, 7),
(36, TIME '09:52:33', TIME '09:52:53', 29, 8),
(36, TIME '09:53:41', TIME '09:54:01', 30, 9),
(36, TIME '10:02:29', TIME '10:02:49', 17, 10),
(36, TIME '10:13:13', TIME '10:13:33', 32, 11),
(36, TIME '10:15:41', TIME '10:16:01', 33, 12),
(36, TIME '10:17:08', TIME '10:17:28', 34, 13),
(36, TIME '10:18:46', TIME '10:19:06', 35, 14),
(36, TIME '10:20:06', TIME '10:20:26', 36, 15),
(36, TIME '10:21:59', TIME '10:22:19', 37, 16),
(36, TIME '10:23:07', TIME '10:23:27', 38, 17),
(37, TIME '11:00:00', TIME '11:00:20', 1, 0),
(37, TIME '11:01:14', TIME '11:01:34', 3, 1),
(37, TIME '11:03:17', TIME '11:03:37', 4, 2),
(37, TIME '11:04:24', TIME '11:04:44', 5, 3),
(37, TIME '11:06:13', TIME '11:06:33', 6, 4),
(37, TIME '11:07:47', TIME '11:08:07', 7, 5),
(37, TIME '11:10:02', TIME '11:10:22', 8, 6),
(37, TIME '11:10:50', TIME '11:11:10', 9, 7),
(37, TIME '11:12:08', TIME '11:12:28', 10, 8),
(37, TIME '11:13:45', TIME '11:14:05', 11, 9),
(37, TIME '11:15:12', TIME '11:15:32', 12, 10),
(37, TIME '11:16:13', TIME '11:16:33', 13, 11),
(37, TIME '11:17:40', TIME '11:18:00', 14, 12),
(37, TIME '11:20:10', TIME '11:20:30', 15, 13),
(37, TIME '11:22:26', TIME '11:22:46', 16, 14),
(37, TIME '11:24:12', TIME '11:24:32', 17, 15),
(37, TIME '11:25:59', TIME '11:26:19', 18, 16),
(37, TIME '11:27:38', TIME '11:27:58', 19, 17);
INSERT INTO PUBLIC.TRIP_STOP_TIMES(TRIP_ID, ARRIVAL, DEPARTURE, STOP_ID, STOPS_ORDER) VALUES
(37, TIME '11:29:25', TIME '11:29:45', 20, 18),
(38, TIME '11:40:00', TIME '11:40:20', 21, 0),
(38, TIME '11:42:08', TIME '11:42:28', 22, 1),
(38, TIME '11:44:00', TIME '11:44:20', 23, 2),
(38, TIME '11:44:56', TIME '11:45:16', 24, 3),
(38, TIME '11:47:21', TIME '11:47:41', 25, 4),
(38, TIME '11:49:34', TIME '11:49:54', 26, 5),
(38, TIME '11:50:34', TIME '11:50:54', 27, 6),
(38, TIME '11:51:31', TIME '11:51:51', 28, 7),
(38, TIME '11:52:33', TIME '11:52:53', 29, 8),
(38, TIME '11:53:41', TIME '11:54:01', 30, 9),
(38, TIME '12:02:29', TIME '12:02:49', 17, 10),
(38, TIME '12:13:13', TIME '12:13:33', 32, 11),
(38, TIME '12:15:41', TIME '12:16:01', 33, 12),
(38, TIME '12:17:08', TIME '12:17:28', 34, 13),
(38, TIME '12:18:46', TIME '12:19:06', 35, 14),
(38, TIME '12:20:06', TIME '12:20:26', 36, 15),
(38, TIME '12:21:59', TIME '12:22:19', 37, 16),
(38, TIME '12:23:07', TIME '12:23:27', 38, 17),
(39, TIME '13:00:00', TIME '13:00:20', 1, 0),
(39, TIME '13:01:14', TIME '13:01:34', 3, 1),
(39, TIME '13:03:17', TIME '13:03:37', 4, 2),
(39, TIME '13:04:24', TIME '13:04:44', 5, 3),
(39, TIME '13:06:13', TIME '13:06:33', 6, 4),
(39, TIME '13:07:47', TIME '13:08:07', 7, 5),
(39, TIME '13:10:02', TIME '13:10:22', 8, 6),
(39, TIME '13:10:50', TIME '13:11:10', 9, 7),
(39, TIME '13:12:08', TIME '13:12:28', 10, 8),
(39, TIME '13:13:45', TIME '13:14:05', 11, 9),
(39, TIME '13:15:12', TIME '13:15:32', 12, 10),
(39, TIME '13:16:13', TIME '13:16:33', 13, 11),
(39, TIME '13:17:40', TIME '13:18:00', 14, 12),
(39, TIME '13:20:10', TIME '13:20:30', 15, 13),
(39, TIME '13:22:26', TIME '13:22:46', 16, 14),
(39, TIME '13:24:12', TIME '13:24:32', 17, 15),
(39, TIME '13:25:59', TIME '13:26:19', 18, 16),
(39, TIME '13:27:38', TIME '13:27:58', 19, 17),
(39, TIME '13:29:25', TIME '13:29:45', 20, 18),
(40, TIME '13:40:00', TIME '13:40:20', 21, 0),
(40, TIME '13:42:08', TIME '13:42:28', 22, 1),
(40, TIME '13:44:00', TIME '13:44:20', 23, 2),
(40, TIME '13:44:56', TIME '13:45:16', 24, 3),
(40, TIME '13:47:21', TIME '13:47:41', 25, 4),
(40, TIME '13:49:34', TIME '13:49:54', 26, 5),
(40, TIME '13:50:34', TIME '13:50:54', 27, 6),
(40, TIME '13:51:31', TIME '13:51:51', 28, 7),
(40, TIME '13:52:33', TIME '13:52:53', 29, 8),
(40, TIME '13:53:41', TIME '13:54:01', 30, 9),
(40, TIME '14:02:29', TIME '14:02:49', 17, 10),
(40, TIME '14:13:13', TIME '14:13:33', 32, 11),
(40, TIME '14:15:41', TIME '14:16:01', 33, 12),
(40, TIME '14:17:08', TIME '14:17:28', 34, 13),
(40, TIME '14:18:46', TIME '14:19:06', 35, 14),
(40, TIME '14:20:06', TIME '14:20:26', 36, 15),
(40, TIME '14:21:59', TIME '14:22:19', 37, 16),
(40, TIME '14:23:07', TIME '14:23:27', 38, 17),
(41, TIME '15:00:00', TIME '15:00:20', 1, 0),
(41, TIME '15:01:14', TIME '15:01:34', 3, 1),
(41, TIME '15:03:17', TIME '15:03:37', 4, 2),
(41, TIME '15:04:24', TIME '15:04:44', 5, 3),
(41, TIME '15:06:13', TIME '15:06:33', 6, 4),
(41, TIME '15:07:47', TIME '15:08:07', 7, 5),
(41, TIME '15:10:02', TIME '15:10:22', 8, 6),
(41, TIME '15:10:50', TIME '15:11:10', 9, 7),
(41, TIME '15:12:08', TIME '15:12:28', 10, 8),
(41, TIME '15:13:45', TIME '15:14:05', 11, 9),
(41, TIME '15:15:12', TIME '15:15:32', 12, 10),
(41, TIME '15:16:13', TIME '15:16:33', 13, 11),
(41, TIME '15:17:40', TIME '15:18:00', 14, 12),
(41, TIME '15:20:10', TIME '15:20:30', 15, 13),
(41, TIME '15:22:26', TIME '15:22:46', 16, 14),
(41, TIME '15:24:12', TIME '15:24:32', 17, 15),
(41, TIME '15:25:59', TIME '15:26:19', 18, 16),
(41, TIME '15:27:38', TIME '15:27:58', 19, 17),
(41, TIME '15:29:25', TIME '15:29:45', 20, 18),
(42, TIME '15:40:00', TIME '15:40:20', 21, 0),
(42, TIME '15:42:08', TIME '15:42:28', 22, 1),
(42, TIME '15:44:00', TIME '15:44:20', 23, 2),
(42, TIME '15:44:56', TIME '15:45:16', 24, 3),
(42, TIME '15:47:21', TIME '15:47:41', 25, 4),
(42, TIME '15:49:34', TIME '15:49:54', 26, 5),
(42, TIME '15:50:34', TIME '15:50:54', 27, 6),
(42, TIME '15:51:31', TIME '15:51:51', 28, 7),
(42, TIME '15:52:33', TIME '15:52:53', 29, 8),
(42, TIME '15:53:41', TIME '15:54:01', 30, 9);
INSERT INTO PUBLIC.TRIP_STOP_TIMES(TRIP_ID, ARRIVAL, DEPARTURE, STOP_ID, STOPS_ORDER) VALUES
(42, TIME '16:02:29', TIME '16:02:49', 17, 10),
(42, TIME '16:13:13', TIME '16:13:33', 32, 11),
(42, TIME '16:15:41', TIME '16:16:01', 33, 12),
(42, TIME '16:17:08', TIME '16:17:28', 34, 13),
(42, TIME '16:18:46', TIME '16:19:06', 35, 14),
(42, TIME '16:20:06', TIME '16:20:26', 36, 15),
(42, TIME '16:21:59', TIME '16:22:19', 37, 16),
(42, TIME '16:23:07', TIME '16:23:27', 38, 17),
(43, TIME '17:00:00', TIME '17:00:20', 1, 0),
(43, TIME '17:01:14', TIME '17:01:34', 3, 1),
(43, TIME '17:03:17', TIME '17:03:37', 4, 2),
(43, TIME '17:04:24', TIME '17:04:44', 5, 3),
(43, TIME '17:06:13', TIME '17:06:33', 6, 4),
(43, TIME '17:07:47', TIME '17:08:07', 7, 5),
(43, TIME '17:10:02', TIME '17:10:22', 8, 6),
(43, TIME '17:10:50', TIME '17:11:10', 9, 7),
(43, TIME '17:12:08', TIME '17:12:28', 10, 8),
(43, TIME '17:13:45', TIME '17:14:05', 11, 9),
(43, TIME '17:15:12', TIME '17:15:32', 12, 10),
(43, TIME '17:16:13', TIME '17:16:33', 13, 11),
(43, TIME '17:17:40', TIME '17:18:00', 14, 12),
(43, TIME '17:20:10', TIME '17:20:30', 15, 13),
(43, TIME '17:22:26', TIME '17:22:46', 16, 14),
(43, TIME '17:24:12', TIME '17:24:32', 17, 15),
(43, TIME '17:25:59', TIME '17:26:19', 18, 16),
(43, TIME '17:27:38', TIME '17:27:58', 19, 17),
(43, TIME '17:29:25', TIME '17:29:45', 20, 18),
(44, TIME '17:40:00', TIME '17:40:20', 21, 0),
(44, TIME '17:42:08', TIME '17:42:28', 22, 1),
(44, TIME '17:44:00', TIME '17:44:20', 23, 2),
(44, TIME '17:44:56', TIME '17:45:16', 24, 3),
(44, TIME '17:47:21', TIME '17:47:41', 25, 4),
(44, TIME '17:49:34', TIME '17:49:54', 26, 5),
(44, TIME '17:50:34', TIME '17:50:54', 27, 6),
(44, TIME '17:51:31', TIME '17:51:51', 28, 7),
(44, TIME '17:52:33', TIME '17:52:53', 29, 8),
(44, TIME '17:53:41', TIME '17:54:01', 30, 9),
(44, TIME '18:02:29', TIME '18:02:49', 17, 10),
(44, TIME '18:13:13', TIME '18:13:33', 32, 11),
(44, TIME '18:15:41', TIME '18:16:01', 33, 12),
(44, TIME '18:17:08', TIME '18:17:28', 34, 13),
(44, TIME '18:18:46', TIME '18:19:06', 35, 14),
(44, TIME '18:20:06', TIME '18:20:26', 36, 15),
(44, TIME '18:21:59', TIME '18:22:19', 37, 16),
(44, TIME '18:23:07', TIME '18:23:27', 38, 17),
(45, TIME '19:00:00', TIME '19:00:20', 1, 0),
(45, TIME '19:01:14', TIME '19:01:34', 3, 1),
(45, TIME '19:03:17', TIME '19:03:37', 4, 2),
(45, TIME '19:04:24', TIME '19:04:44', 5, 3),
(45, TIME '19:06:13', TIME '19:06:33', 6, 4),
(45, TIME '19:07:47', TIME '19:08:07', 7, 5),
(45, TIME '19:10:02', TIME '19:10:22', 8, 6),
(45, TIME '19:10:50', TIME '19:11:10', 9, 7),
(45, TIME '19:12:08', TIME '19:12:28', 10, 8),
(45, TIME '19:13:45', TIME '19:14:05', 11, 9),
(45, TIME '19:15:12', TIME '19:15:32', 12, 10),
(45, TIME '19:16:13', TIME '19:16:33', 13, 11),
(45, TIME '19:17:40', TIME '19:18:00', 14, 12),
(45, TIME '19:20:10', TIME '19:20:30', 15, 13),
(45, TIME '19:22:26', TIME '19:22:46', 16, 14),
(45, TIME '19:24:12', TIME '19:24:32', 17, 15),
(45, TIME '19:25:59', TIME '19:26:19', 18, 16),
(45, TIME '19:27:38', TIME '19:27:58', 19, 17),
(45, TIME '19:29:25', TIME '19:29:45', 20, 18),
(46, TIME '19:40:00', TIME '19:40:20', 21, 0),
(46, TIME '19:42:08', TIME '19:42:28', 22, 1),
(46, TIME '19:44:00', TIME '19:44:20', 23, 2),
(46, TIME '19:44:56', TIME '19:45:16', 24, 3),
(46, TIME '19:47:21', TIME '19:47:41', 25, 4),
(46, TIME '19:49:34', TIME '19:49:54', 26, 5),
(46, TIME '19:50:34', TIME '19:50:54', 27, 6),
(46, TIME '19:51:31', TIME '19:51:51', 28, 7),
(46, TIME '19:52:33', TIME '19:52:53', 29, 8),
(46, TIME '19:53:41', TIME '19:54:01', 30, 9),
(46, TIME '20:02:29', TIME '20:02:49', 17, 10),
(46, TIME '20:13:13', TIME '20:13:33', 32, 11),
(46, TIME '20:15:41', TIME '20:16:01', 33, 12),
(46, TIME '20:17:08', TIME '20:17:28', 34, 13),
(46, TIME '20:18:46', TIME '20:19:06', 35, 14),
(46, TIME '20:20:06', TIME '20:20:26', 36, 15),
(46, TIME '20:21:59', TIME '20:22:19', 37, 16),
(46, TIME '20:23:07', TIME '20:23:27', 38, 17),
(47, TIME '21:00:00', TIME '21:00:20', 1, 0),
(47, TIME '21:01:14', TIME '21:01:34', 3, 1),
(47, TIME '21:03:17', TIME '21:03:37', 4, 2);
INSERT INTO PUBLIC.TRIP_STOP_TIMES(TRIP_ID, ARRIVAL, DEPARTURE, STOP_ID, STOPS_ORDER) VALUES
(47, TIME '21:04:24', TIME '21:04:44', 5, 3),
(47, TIME '21:06:13', TIME '21:06:33', 6, 4),
(47, TIME '21:07:47', TIME '21:08:07', 7, 5),
(47, TIME '21:10:02', TIME '21:10:22', 8, 6),
(47, TIME '21:10:50', TIME '21:11:10', 9, 7),
(47, TIME '21:12:08', TIME '21:12:28', 10, 8),
(47, TIME '21:13:45', TIME '21:14:05', 11, 9),
(47, TIME '21:15:12', TIME '21:15:32', 12, 10),
(47, TIME '21:16:13', TIME '21:16:33', 13, 11),
(47, TIME '21:17:40', TIME '21:18:00', 14, 12),
(47, TIME '21:20:10', TIME '21:20:30', 15, 13),
(47, TIME '21:22:26', TIME '21:22:46', 16, 14),
(47, TIME '21:24:12', TIME '21:24:32', 17, 15),
(47, TIME '21:25:59', TIME '21:26:19', 18, 16),
(47, TIME '21:27:38', TIME '21:27:58', 19, 17),
(47, TIME '21:29:25', TIME '21:29:45', 20, 18),
(48, TIME '21:40:00', TIME '21:40:20', 21, 0),
(48, TIME '21:42:08', TIME '21:42:28', 22, 1),
(48, TIME '21:44:00', TIME '21:44:20', 23, 2),
(48, TIME '21:44:56', TIME '21:45:16', 24, 3),
(48, TIME '21:47:21', TIME '21:47:41', 25, 4),
(48, TIME '21:49:34', TIME '21:49:54', 26, 5),
(48, TIME '21:50:34', TIME '21:50:54', 27, 6),
(48, TIME '21:51:31', TIME '21:51:51', 28, 7),
(48, TIME '21:52:33', TIME '21:52:53', 29, 8),
(48, TIME '21:53:41', TIME '21:54:01', 30, 9),
(48, TIME '22:02:29', TIME '22:02:49', 17, 10),
(48, TIME '22:13:13', TIME '22:13:33', 32, 11),
(48, TIME '22:15:41', TIME '22:16:01', 33, 12),
(48, TIME '22:17:08', TIME '22:17:28', 34, 13),
(48, TIME '22:18:46', TIME '22:19:06', 35, 14),
(48, TIME '22:20:06', TIME '22:20:26', 36, 15),
(48, TIME '22:21:59', TIME '22:22:19', 37, 16),
(48, TIME '22:23:07', TIME '22:23:27', 38, 17),
(49, TIME '07:30:00', TIME '07:30:20', 1, 0),
(49, TIME '07:31:14', TIME '07:31:34', 3, 1),
(49, TIME '07:33:17', TIME '07:33:37', 4, 2),
(49, TIME '07:34:24', TIME '07:34:44', 5, 3),
(49, TIME '07:36:13', TIME '07:36:33', 6, 4),
(49, TIME '07:37:47', TIME '07:38:07', 7, 5),
(49, TIME '07:40:02', TIME '07:40:22', 8, 6),
(49, TIME '07:40:50', TIME '07:41:10', 9, 7),
(49, TIME '07:42:08', TIME '07:42:28', 10, 8),
(49, TIME '07:43:45', TIME '07:44:05', 11, 9),
(49, TIME '07:45:12', TIME '07:45:32', 12, 10),
(49, TIME '07:46:13', TIME '07:46:33', 13, 11),
(49, TIME '07:47:40', TIME '07:48:00', 14, 12),
(49, TIME '07:50:10', TIME '07:50:30', 15, 13),
(49, TIME '07:52:26', TIME '07:52:46', 16, 14),
(49, TIME '07:54:12', TIME '07:54:32', 17, 15),
(49, TIME '07:55:59', TIME '07:56:19', 18, 16),
(49, TIME '07:57:38', TIME '07:57:58', 19, 17),
(49, TIME '07:59:25', TIME '07:59:45', 20, 18),
(50, TIME '08:10:00', TIME '08:10:20', 21, 0),
(50, TIME '08:12:08', TIME '08:12:28', 22, 1),
(50, TIME '08:14:00', TIME '08:14:20', 23, 2),
(50, TIME '08:14:56', TIME '08:15:16', 24, 3),
(50, TIME '08:17:21', TIME '08:17:41', 25, 4),
(50, TIME '08:19:34', TIME '08:19:54', 26, 5),
(50, TIME '08:20:34', TIME '08:20:54', 27, 6),
(50, TIME '08:21:31', TIME '08:21:51', 28, 7),
(50, TIME '08:22:33', TIME '08:22:53', 29, 8),
(50, TIME '08:23:41', TIME '08:24:01', 30, 9),
(50, TIME '08:32:29', TIME '08:32:49', 17, 10),
(50, TIME '08:43:13', TIME '08:43:33', 32, 11),
(50, TIME '08:45:41', TIME '08:46:01', 33, 12),
(50, TIME '08:47:08', TIME '08:47:28', 34, 13),
(50, TIME '08:48:46', TIME '08:49:06', 35, 14),
(50, TIME '08:50:06', TIME '08:50:26', 36, 15),
(50, TIME '08:51:59', TIME '08:52:19', 37, 16),
(50, TIME '08:53:07', TIME '08:53:27', 38, 17),
(51, TIME '09:30:00', TIME '09:30:20', 1, 0),
(51, TIME '09:31:14', TIME '09:31:34', 3, 1),
(51, TIME '09:33:17', TIME '09:33:37', 4, 2),
(51, TIME '09:34:24', TIME '09:34:44', 5, 3),
(51, TIME '09:36:13', TIME '09:36:33', 6, 4),
(51, TIME '09:37:47', TIME '09:38:07', 7, 5),
(51, TIME '09:40:02', TIME '09:40:22', 8, 6),
(51, TIME '09:40:50', TIME '09:41:10', 9, 7),
(51, TIME '09:42:08', TIME '09:42:28', 10, 8),
(51, TIME '09:43:45', TIME '09:44:05', 11, 9),
(51, TIME '09:45:12', TIME '09:45:32', 12, 10),
(51, TIME '09:46:13', TIME '09:46:33', 13, 11),
(51, TIME '09:47:40', TIME '09:48:00', 14, 12),
(51, TIME '09:50:10', TIME '09:50:30', 15, 13);
INSERT INTO PUBLIC.TRIP_STOP_TIMES(TRIP_ID, ARRIVAL, DEPARTURE, STOP_ID, STOPS_ORDER) VALUES
(51, TIME '09:52:26', TIME '09:52:46', 16, 14),
(51, TIME '09:54:12', TIME '09:54:32', 17, 15),
(51, TIME '09:55:59', TIME '09:56:19', 18, 16),
(51, TIME '09:57:38', TIME '09:57:58', 19, 17),
(51, TIME '09:59:25', TIME '09:59:45', 20, 18),
(52, TIME '10:10:00', TIME '10:10:20', 21, 0),
(52, TIME '10:12:08', TIME '10:12:28', 22, 1),
(52, TIME '10:14:00', TIME '10:14:20', 23, 2),
(52, TIME '10:14:56', TIME '10:15:16', 24, 3),
(52, TIME '10:17:21', TIME '10:17:41', 25, 4),
(52, TIME '10:19:34', TIME '10:19:54', 26, 5),
(52, TIME '10:20:34', TIME '10:20:54', 27, 6),
(52, TIME '10:21:31', TIME '10:21:51', 28, 7),
(52, TIME '10:22:33', TIME '10:22:53', 29, 8),
(52, TIME '10:23:41', TIME '10:24:01', 30, 9),
(52, TIME '10:32:29', TIME '10:32:49', 17, 10),
(52, TIME '10:43:13', TIME '10:43:33', 32, 11),
(52, TIME '10:45:41', TIME '10:46:01', 33, 12),
(52, TIME '10:47:08', TIME '10:47:28', 34, 13),
(52, TIME '10:48:46', TIME '10:49:06', 35, 14),
(52, TIME '10:50:06', TIME '10:50:26', 36, 15),
(52, TIME '10:51:59', TIME '10:52:19', 37, 16),
(52, TIME '10:53:07', TIME '10:53:27', 38, 17),
(53, TIME '11:30:00', TIME '11:30:20', 1, 0),
(53, TIME '11:31:14', TIME '11:31:34', 3, 1),
(53, TIME '11:33:17', TIME '11:33:37', 4, 2),
(53, TIME '11:34:24', TIME '11:34:44', 5, 3),
(53, TIME '11:36:13', TIME '11:36:33', 6, 4),
(53, TIME '11:37:47', TIME '11:38:07', 7, 5),
(53, TIME '11:40:02', TIME '11:40:22', 8, 6),
(53, TIME '11:40:50', TIME '11:41:10', 9, 7),
(53, TIME '11:42:08', TIME '11:42:28', 10, 8),
(53, TIME '11:43:45', TIME '11:44:05', 11, 9),
(53, TIME '11:45:12', TIME '11:45:32', 12, 10),
(53, TIME '11:46:13', TIME '11:46:33', 13, 11),
(53, TIME '11:47:40', TIME '11:48:00', 14, 12),
(53, TIME '11:50:10', TIME '11:50:30', 15, 13),
(53, TIME '11:52:26', TIME '11:52:46', 16, 14),
(53, TIME '11:54:12', TIME '11:54:32', 17, 15),
(53, TIME '11:55:59', TIME '11:56:19', 18, 16),
(53, TIME '11:57:38', TIME '11:57:58', 19, 17),
(53, TIME '11:59:25', TIME '11:59:45', 20, 18),
(54, TIME '12:10:00', TIME '12:10:20', 21, 0),
(54, TIME '12:12:08', TIME '12:12:28', 22, 1),
(54, TIME '12:14:00', TIME '12:14:20', 23, 2),
(54, TIME '12:14:56', TIME '12:15:16', 24, 3),
(54, TIME '12:17:21', TIME '12:17:41', 25, 4),
(54, TIME '12:19:34', TIME '12:19:54', 26, 5),
(54, TIME '12:20:34', TIME '12:20:54', 27, 6),
(54, TIME '12:21:31', TIME '12:21:51', 28, 7),
(54, TIME '12:22:33', TIME '12:22:53', 29, 8),
(54, TIME '12:23:41', TIME '12:24:01', 30, 9),
(54, TIME '12:32:29', TIME '12:32:49', 17, 10),
(54, TIME '12:43:13', TIME '12:43:33', 32, 11),
(54, TIME '12:45:41', TIME '12:46:01', 33, 12),
(54, TIME '12:47:08', TIME '12:47:28', 34, 13),
(54, TIME '12:48:46', TIME '12:49:06', 35, 14),
(54, TIME '12:50:06', TIME '12:50:26', 36, 15),
(54, TIME '12:51:59', TIME '12:52:19', 37, 16),
(54, TIME '12:53:07', TIME '12:53:27', 38, 17),
(55, TIME '13:30:00', TIME '13:30:20', 1, 0),
(55, TIME '13:31:14', TIME '13:31:34', 3, 1),
(55, TIME '13:33:17', TIME '13:33:37', 4, 2),
(55, TIME '13:34:24', TIME '13:34:44', 5, 3),
(55, TIME '13:36:13', TIME '13:36:33', 6, 4),
(55, TIME '13:37:47', TIME '13:38:07', 7, 5),
(55, TIME '13:40:02', TIME '13:40:22', 8, 6),
(55, TIME '13:40:50', TIME '13:41:10', 9, 7),
(55, TIME '13:42:08', TIME '13:42:28', 10, 8),
(55, TIME '13:43:45', TIME '13:44:05', 11, 9),
(55, TIME '13:45:12', TIME '13:45:32', 12, 10),
(55, TIME '13:46:13', TIME '13:46:33', 13, 11),
(55, TIME '13:47:40', TIME '13:48:00', 14, 12),
(55, TIME '13:50:10', TIME '13:50:30', 15, 13),
(55, TIME '13:52:26', TIME '13:52:46', 16, 14),
(55, TIME '13:54:12', TIME '13:54:32', 17, 15),
(55, TIME '13:55:59', TIME '13:56:19', 18, 16),
(55, TIME '13:57:38', TIME '13:57:58', 19, 17),
(55, TIME '13:59:25', TIME '13:59:45', 20, 18),
(56, TIME '14:10:00', TIME '14:10:20', 21, 0),
(56, TIME '14:12:08', TIME '14:12:28', 22, 1),
(56, TIME '14:14:00', TIME '14:14:20', 23, 2),
(56, TIME '14:14:56', TIME '14:15:16', 24, 3),
(56, TIME '14:17:21', TIME '14:17:41', 25, 4),
(56, TIME '14:19:34', TIME '14:19:54', 26, 5);
INSERT INTO PUBLIC.TRIP_STOP_TIMES(TRIP_ID, ARRIVAL, DEPARTURE, STOP_ID, STOPS_ORDER) VALUES
(56, TIME '14:20:34', TIME '14:20:54', 27, 6),
(56, TIME '14:21:31', TIME '14:21:51', 28, 7),
(56, TIME '14:22:33', TIME '14:22:53', 29, 8),
(56, TIME '14:23:41', TIME '14:24:01', 30, 9),
(56, TIME '14:32:29', TIME '14:32:49', 17, 10),
(56, TIME '14:43:13', TIME '14:43:33', 32, 11),
(56, TIME '14:45:41', TIME '14:46:01', 33, 12),
(56, TIME '14:47:08', TIME '14:47:28', 34, 13),
(56, TIME '14:48:46', TIME '14:49:06', 35, 14),
(56, TIME '14:50:06', TIME '14:50:26', 36, 15),
(56, TIME '14:51:59', TIME '14:52:19', 37, 16),
(56, TIME '14:53:07', TIME '14:53:27', 38, 17),
(57, TIME '15:30:00', TIME '15:30:20', 1, 0),
(57, TIME '15:31:14', TIME '15:31:34', 3, 1),
(57, TIME '15:33:17', TIME '15:33:37', 4, 2),
(57, TIME '15:34:24', TIME '15:34:44', 5, 3),
(57, TIME '15:36:13', TIME '15:36:33', 6, 4),
(57, TIME '15:37:47', TIME '15:38:07', 7, 5),
(57, TIME '15:40:02', TIME '15:40:22', 8, 6),
(57, TIME '15:40:50', TIME '15:41:10', 9, 7),
(57, TIME '15:42:08', TIME '15:42:28', 10, 8),
(57, TIME '15:43:45', TIME '15:44:05', 11, 9),
(57, TIME '15:45:12', TIME '15:45:32', 12, 10),
(57, TIME '15:46:13', TIME '15:46:33', 13, 11),
(57, TIME '15:47:40', TIME '15:48:00', 14, 12),
(57, TIME '15:50:10', TIME '15:50:30', 15, 13),
(57, TIME '15:52:26', TIME '15:52:46', 16, 14),
(57, TIME '15:54:12', TIME '15:54:32', 17, 15),
(57, TIME '15:55:59', TIME '15:56:19', 18, 16),
(57, TIME '15:57:38', TIME '15:57:58', 19, 17),
(57, TIME '15:59:25', TIME '15:59:45', 20, 18),
(58, TIME '16:10:00', TIME '16:10:20', 21, 0),
(58, TIME '16:12:08', TIME '16:12:28', 22, 1),
(58, TIME '16:14:00', TIME '16:14:20', 23, 2),
(58, TIME '16:14:56', TIME '16:15:16', 24, 3),
(58, TIME '16:17:21', TIME '16:17:41', 25, 4),
(58, TIME '16:19:34', TIME '16:19:54', 26, 5),
(58, TIME '16:20:34', TIME '16:20:54', 27, 6),
(58, TIME '16:21:31', TIME '16:21:51', 28, 7),
(58, TIME '16:22:33', TIME '16:22:53', 29, 8),
(58, TIME '16:23:41', TIME '16:24:01', 30, 9),
(58, TIME '16:32:29', TIME '16:32:49', 17, 10),
(58, TIME '16:43:13', TIME '16:43:33', 32, 11),
(58, TIME '16:45:41', TIME '16:46:01', 33, 12),
(58, TIME '16:47:08', TIME '16:47:28', 34, 13),
(58, TIME '16:48:46', TIME '16:49:06', 35, 14),
(58, TIME '16:50:06', TIME '16:50:26', 36, 15),
(58, TIME '16:51:59', TIME '16:52:19', 37, 16),
(58, TIME '16:53:07', TIME '16:53:27', 38, 17),
(59, TIME '17:30:00', TIME '17:30:20', 1, 0),
(59, TIME '17:31:14', TIME '17:31:34', 3, 1),
(59, TIME '17:33:17', TIME '17:33:37', 4, 2),
(59, TIME '17:34:24', TIME '17:34:44', 5, 3),
(59, TIME '17:36:13', TIME '17:36:33', 6, 4),
(59, TIME '17:37:47', TIME '17:38:07', 7, 5),
(59, TIME '17:40:02', TIME '17:40:22', 8, 6),
(59, TIME '17:40:50', TIME '17:41:10', 9, 7),
(59, TIME '17:42:08', TIME '17:42:28', 10, 8),
(59, TIME '17:43:45', TIME '17:44:05', 11, 9),
(59, TIME '17:45:12', TIME '17:45:32', 12, 10),
(59, TIME '17:46:13', TIME '17:46:33', 13, 11),
(59, TIME '17:47:40', TIME '17:48:00', 14, 12),
(59, TIME '17:50:10', TIME '17:50:30', 15, 13),
(59, TIME '17:52:26', TIME '17:52:46', 16, 14),
(59, TIME '17:54:12', TIME '17:54:32', 17, 15),
(59, TIME '17:55:59', TIME '17:56:19', 18, 16),
(59, TIME '17:57:38', TIME '17:57:58', 19, 17),
(59, TIME '17:59:25', TIME '17:59:45', 20, 18),
(60, TIME '18:10:00', TIME '18:10:20', 21, 0),
(60, TIME '18:12:08', TIME '18:12:28', 22, 1),
(60, TIME '18:14:00', TIME '18:14:20', 23, 2),
(60, TIME '18:14:56', TIME '18:15:16', 24, 3),
(60, TIME '18:17:21', TIME '18:17:41', 25, 4),
(60, TIME '18:19:34', TIME '18:19:54', 26, 5),
(60, TIME '18:20:34', TIME '18:20:54', 27, 6),
(60, TIME '18:21:31', TIME '18:21:51', 28, 7),
(60, TIME '18:22:33', TIME '18:22:53', 29, 8),
(60, TIME '18:23:41', TIME '18:24:01', 30, 9),
(60, TIME '18:32:29', TIME '18:32:49', 17, 10),
(60, TIME '18:43:13', TIME '18:43:33', 32, 11),
(60, TIME '18:45:41', TIME '18:46:01', 33, 12),
(60, TIME '18:47:08', TIME '18:47:28', 34, 13),
(60, TIME '18:48:46', TIME '18:49:06', 35, 14),
(60, TIME '18:50:06', TIME '18:50:26', 36, 15),
(60, TIME '18:51:59', TIME '18:52:19', 37, 16);
INSERT INTO PUBLIC.TRIP_STOP_TIMES(TRIP_ID, ARRIVAL, DEPARTURE, STOP_ID, STOPS_ORDER) VALUES
(60, TIME '18:53:07', TIME '18:53:27', 38, 17),
(61, TIME '19:30:00', TIME '19:30:20', 1, 0),
(61, TIME '19:31:14', TIME '19:31:34', 3, 1),
(61, TIME '19:33:17', TIME '19:33:37', 4, 2),
(61, TIME '19:34:24', TIME '19:34:44', 5, 3),
(61, TIME '19:36:13', TIME '19:36:33', 6, 4),
(61, TIME '19:37:47', TIME '19:38:07', 7, 5),
(61, TIME '19:40:02', TIME '19:40:22', 8, 6),
(61, TIME '19:40:50', TIME '19:41:10', 9, 7),
(61, TIME '19:42:08', TIME '19:42:28', 10, 8),
(61, TIME '19:43:45', TIME '19:44:05', 11, 9),
(61, TIME '19:45:12', TIME '19:45:32', 12, 10),
(61, TIME '19:46:13', TIME '19:46:33', 13, 11),
(61, TIME '19:47:40', TIME '19:48:00', 14, 12),
(61, TIME '19:50:10', TIME '19:50:30', 15, 13),
(61, TIME '19:52:26', TIME '19:52:46', 16, 14),
(61, TIME '19:54:12', TIME '19:54:32', 17, 15),
(61, TIME '19:55:59', TIME '19:56:19', 18, 16),
(61, TIME '19:57:38', TIME '19:57:58', 19, 17),
(61, TIME '19:59:25', TIME '19:59:45', 20, 18),
(62, TIME '20:10:00', TIME '20:10:20', 21, 0),
(62, TIME '20:12:08', TIME '20:12:28', 22, 1),
(62, TIME '20:14:00', TIME '20:14:20', 23, 2),
(62, TIME '20:14:56', TIME '20:15:16', 24, 3),
(62, TIME '20:17:21', TIME '20:17:41', 25, 4),
(62, TIME '20:19:34', TIME '20:19:54', 26, 5),
(62, TIME '20:20:34', TIME '20:20:54', 27, 6),
(62, TIME '20:21:31', TIME '20:21:51', 28, 7),
(62, TIME '20:22:33', TIME '20:22:53', 29, 8),
(62, TIME '20:23:41', TIME '20:24:01', 30, 9),
(62, TIME '20:32:29', TIME '20:32:49', 17, 10),
(62, TIME '20:43:13', TIME '20:43:33', 32, 11),
(62, TIME '20:45:41', TIME '20:46:01', 33, 12),
(62, TIME '20:47:08', TIME '20:47:28', 34, 13),
(62, TIME '20:48:46', TIME '20:49:06', 35, 14),
(62, TIME '20:50:06', TIME '20:50:26', 36, 15),
(62, TIME '20:51:59', TIME '20:52:19', 37, 16),
(62, TIME '20:53:07', TIME '20:53:27', 38, 17),
(63, TIME '21:30:00', TIME '21:30:20', 1, 0),
(63, TIME '21:31:14', TIME '21:31:34', 3, 1),
(63, TIME '21:33:17', TIME '21:33:37', 4, 2),
(63, TIME '21:34:24', TIME '21:34:44', 5, 3),
(63, TIME '21:36:13', TIME '21:36:33', 6, 4),
(63, TIME '21:37:47', TIME '21:38:07', 7, 5),
(63, TIME '21:40:02', TIME '21:40:22', 8, 6),
(63, TIME '21:40:50', TIME '21:41:10', 9, 7),
(63, TIME '21:42:08', TIME '21:42:28', 10, 8),
(63, TIME '21:43:45', TIME '21:44:05', 11, 9),
(63, TIME '21:45:12', TIME '21:45:32', 12, 10),
(63, TIME '21:46:13', TIME '21:46:33', 13, 11),
(63, TIME '21:47:40', TIME '21:48:00', 14, 12),
(63, TIME '21:50:10', TIME '21:50:30', 15, 13),
(63, TIME '21:52:26', TIME '21:52:46', 16, 14),
(63, TIME '21:54:12', TIME '21:54:32', 17, 15),
(63, TIME '21:55:59', TIME '21:56:19', 18, 16),
(63, TIME '21:57:38', TIME '21:57:58', 19, 17),
(63, TIME '21:59:25', TIME '21:59:45', 20, 18);
